-- phpMyAdmin SQL Dump
-- version 4.7.7
-- https://www.phpmyadmin.net/
--
-- Host: 179.188.16.68
-- Generation Time: 22-Jun-2022 às 15:39
-- Versão do servidor: 5.7.32-35-log
-- PHP Version: 5.6.40-0+deb8u12

SET SQL_MODE = "NO_AUTO_VALUE_ON_ZERO";
SET AUTOCOMMIT = 0;
START TRANSACTION;
SET time_zone = "+00:00";


/*!40101 SET @OLD_CHARACTER_SET_CLIENT=@@CHARACTER_SET_CLIENT */;
/*!40101 SET @OLD_CHARACTER_SET_RESULTS=@@CHARACTER_SET_RESULTS */;
/*!40101 SET @OLD_COLLATION_CONNECTION=@@COLLATION_CONNECTION */;
/*!40101 SET NAMES utf8mb4 */;

--
-- Database: `monitriip_cat`
--

-- --------------------------------------------------------

--
-- Estrutura da tabela `acesso`
--

CREATE TABLE `acesso` (
  `id` int(11) NOT NULL,
  `usuario` varchar(15) DEFAULT NULL,
  `senha` text,
  `deletar` varchar(10) DEFAULT NULL,
  `criar` varchar(10) DEFAULT NULL,
  `alterar` varchar(10) DEFAULT NULL,
  `acesso_pag` varchar(10) DEFAULT NULL,
  `estilo` varchar(10) DEFAULT NULL
) ENGINE=MyISAM DEFAULT CHARSET=latin1;

--
-- Extraindo dados da tabela `acesso`
--

INSERT INTO `acesso` (`id`, `usuario`, `senha`, `deletar`, `criar`, `alterar`, `acesso_pag`, `estilo`) VALUES
(3, 'Administrador', 'MTIzYWRtaW4=', '1', '1', '1', '1', '0');

-- --------------------------------------------------------

--
-- Estrutura da tabela `horario`
--

CREATE TABLE `horario` (
  `PREFIXO` double DEFAULT NULL,
  `LINHA` varchar(50) DEFAULT NULL,
  `V_Mes` double DEFAULT NULL,
  `V_I` double DEFAULT NULL,
  `V_V` double DEFAULT NULL,
  `I_H` varchar(10) DEFAULT NULL,
  `V_H` varchar(10) DEFAULT NULL,
  `IDA` varchar(50) DEFAULT NULL,
  `VOLTA` varchar(50) DEFAULT NULL,
  `H_I` double DEFAULT NULL,
  `M_I` double DEFAULT NULL,
  `S_I` bit(1) DEFAULT NULL,
  `T_I` bit(1) DEFAULT NULL,
  `Q_I` bit(1) DEFAULT NULL,
  `Qu_I` bit(1) DEFAULT NULL,
  `Se_I` bit(1) DEFAULT NULL,
  `Sa_I` bit(1) DEFAULT NULL,
  `D_I` bit(1) DEFAULT NULL,
  `S_V` bit(1) DEFAULT NULL,
  `T_V` bit(1) DEFAULT NULL,
  `Q_V` bit(1) DEFAULT NULL,
  `Qu_V` bit(1) DEFAULT NULL,
  `Se_V` bit(1) DEFAULT NULL,
  `Sa_V` bit(1) DEFAULT NULL,
  `D_V` bit(1) DEFAULT NULL,
  `OBS` varchar(255) DEFAULT NULL,
  `Ativa` bit(1) NOT NULL
) ENGINE=MyISAM DEFAULT CHARSET=latin1;

--
-- Extraindo dados da tabela `horario`
--

INSERT INTO `horario` (`PREFIXO`, `LINHA`, `V_Mes`, `V_I`, `V_V`, `I_H`, `V_H`, `IDA`, `VOLTA`, `H_I`, `M_I`, `S_I`, `T_I`, `Q_I`, `Qu_I`, `Se_I`, `Sa_I`, `D_I`, `S_V`, `T_V`, `Q_V`, `Qu_V`, `Se_V`, `Sa_V`, `D_V`, `OBS`, `Ativa`) VALUES
(3007600, 'FORTALEZA(CE) - RECIFE(PE)', 8, 1, 1, '19:00', '17:45', 'TODOS', 'TODOS', 17, 37, b'0', b'0', b'0', b'0', b'0', b'0', b'1', b'0', b'0', b'1', b'0', b'0', b'0', b'0', '', b'1'),
(3007661, 'FORTALEZA(CE) - RECIFE(PE)', 16, 2, 2, '19:00', '17:45', 'TODOS', 'TODOS', 17, 37, b'1', b'1', b'1', b'1', b'1', b'1', b'0', b'1', b'1', b'0', b'1', b'1', b'1', b'1', '', b'1'),
(3007700, 'FORTALEZA(CE) - NATAL(RN)', 8, 1, 2, '20:45', '21:00', 'TODOS', 'TODOS', 10, 0, b'0', b'0', b'0', b'0', b'0', b'0', b'1', b'0', b'0', b'0', b'0', b'1', b'0', b'0', '', b'1'),
(3007741, 'FORTALEZA(CE) - NATAL(RN)', 8, 1, 2, '20:45', '21:00', 'Janeiro, Novembro, Dezembro', 'Janeiro, Novembro, Dezembro', 10, 0, b'0', b'0', b'0', b'0', b'0', b'0', b'1', b'0', b'0', b'0', b'0', b'1', b'0', b'0', '', b'1'),
(3007761, 'FORTALEZA(CE) - NATAL(RN)', 48, 6, 6, '21:00', '21:00', 'Janeiro, Dezembro', 'Janeiro, Dezembro', 10, 0, b'0', b'1', b'0', b'0', b'0', b'0', b'0', b'0', b'1', b'0', b'0', b'0', b'0', b'0', '', b'1'),
(4005000, 'RECIFE(PE) - SAO PAULO(SP)', 8, 1, 1, '8:00', '12:00', 'TODOS', 'TODOS', 58, 0, b'0', b'0', b'0', b'0', b'0', b'0', b'1', b'0', b'0', b'0', b'1', b'0', b'0', b'0', '', b'1'),
(5015700, 'BARREIRAS(BA) - GOIANIA(GO)', 8, 1, 1, '21:00', '18:00', 'TODOS', 'TODOS', 10, 50, b'0', b'0', b'0', b'0', b'0', b'0', b'0', b'0', b'0', b'0', b'0', b'0', b'0', b'0', '', b'1'),
(5015741, 'BARREIRAS(BA) - GOIANIA(GO)', 40, 5, 5, '21:00', '18:00', 'TODOS', 'TODOS', 10, 50, b'0', b'0', b'0', b'0', b'0', b'0', b'0', b'0', b'0', b'0', b'0', b'0', b'0', b'0', '', b'1'),
(5015761, 'BARREIRAS(BA) - GOIANIA(GO)', 32, 4, 4, '21:00', '18:00', 'TODOS', 'TODOS', 10, 50, b'0', b'0', b'0', b'0', b'0', b'0', b'0', b'0', b'0', b'0', b'0', b'0', b'0', b'0', '', b'1'),
(5015800, 'COCOS (BA) X GOIANIA (GO)', 8, 1, 1, '17:30', '17:00', 'TODOS', 'TODOS', 12, 0, b'0', b'0', b'1', b'0', b'0', b'0', b'0', b'0', b'0', b'0', b'1', b'0', b'0', b'0', '', b'1'),
(5015841, 'COCOS (BA) X GOIANIA (GO)', 56, 7, 7, '17:30', '17:00', 'TODOS', 'TODOS', 12, 0, b'1', b'1', b'1', b'1', b'1', b'1', b'1', b'1', b'1', b'1', b'1', b'1', b'1', b'1', '', b'1'),
(5015861, 'COCOS (BA) X GOIANIA (GO)', 48, 6, 6, '17:30', '17:00', 'TODOS', 'TODOS', 12, 0, b'1', b'1', b'0', b'1', b'1', b'1', b'1', b'1', b'1', b'1', b'0', b'1', b'1', b'1', '', b'1'),
(5026300, 'SALVADOR(BA) - SAO PAULO(SP)', 8, 1, 1, '23:30', '21:30', 'TODOS', 'TODOS', 41, 0, b'0', b'1', b'0', b'0', b'0', b'0', b'0', b'0', b'1', b'0', b'0', b'0', b'0', b'0', '', b'1'),
(5026361, 'SALVADOR(BA) - SAO PAULO(SP)', 40, 6, 6, '23:30', '10:00', 'TODOS', 'TODOS', 41, 0, b'1', b'0', b'1', b'1', b'1', b'1', b'1', b'1', b'0', b'1', b'1', b'1', b'1', b'1', '', b'1'),
(6034700, 'UBERLANDIA(MG) - SAO PAULO(SP)', 8, 1, 1, '21:00', '22:00', 'TODOS', 'TODOS', 7, 10, b'0', b'0', b'0', b'0', b'0', b'0', b'1', b'0', b'0', b'0', b'0', b'1', b'0', b'0', '', b'1'),
(6034741, 'UBERLANDIA(MG) - SAO PAULO(SP)', 16, 2, 2, '21:00', '22:00', 'Janeiro, Dezembro', 'Janeiro, Dezembro', 7, 10, b'0', b'0', b'0', b'0', b'1', b'0', b'1', b'0', b'0', b'0', b'0', b'1', b'0', b'1', '', b'1'),
(6034761, 'UBERLANDIA(MG) - SAO PAULO(SP)', 8, 1, 1, '21:00', '22:00', 'Janeiro, Dezembro', 'Janeiro, Dezembro', 7, 10, b'0', b'0', b'0', b'0', b'0', b'0', b'0', b'0', b'0', b'0', b'0', b'0', b'0', b'0', '', b'1'),
(6034800, 'UBERLANDIA(MG) - TERESINA(PI)', 8, 1, 1, '23:59', '13:00', 'TODOS', 'TODOS', 42, 0, b'1', b'0', b'0', b'0', b'0', b'0', b'0', b'0', b'0', b'0', b'0', b'0', b'1', b'0', '', b'1'),
(12020900, 'GOIANIA(GO) - PALMAS(TO)', 8, 1, 1, '19:00', '19:00', 'TODOS', 'TODOS', 11, 25, b'0', b'0', b'0', b'0', b'1', b'0', b'0', b'0', b'0', b'0', b'0', b'1', b'0', b'0', '', b'1'),
(12020941, 'GOIANIA(GO) - PALMAS(TO)', 56, 7, 7, '19:00', '19:00', 'TODOS', 'TODOS', 11, 25, b'0', b'0', b'1', b'1', b'1', b'1', b'1', b'1', b'1', b'0', b'0', b'0', b'0', b'0', '', b'1'),
(12020961, 'GOIANIA(GO) - PALMAS(TO)', 48, 7, 7, '19:00', '19:00', 'TODOS', 'TODOS', 11, 25, b'1', b'1', b'0', b'0', b'0', b'0', b'0', b'1', b'1', b'0', b'0', b'0', b'0', b'0', '', b'1'),
(12021100, 'PLANALTINA(GO) - SAO PAULO(SP)', 8, 1, 1, '19:30', '21:30', 'TODOS', 'TODOS', 12, 45, b'0', b'0', b'0', b'0', b'0', b'1', b'0', b'0', b'0', b'0', b'0', b'0', b'1', b'0', '', b'1'),
(12021141, 'PLANALTINA(GO) - SAO PAULO(SP)', 8, 1, 1, '19:30', '21:30', 'Julho', 'Julho', 12, 45, b'0', b'0', b'0', b'0', b'0', b'1', b'0', b'0', b'0', b'0', b'0', b'0', b'1', b'0', '', b'1'),
(12021200, 'TRINDADE(GO) - APODI(RN)', 8, 1, 1, '8:30', '7:00', 'TODOS', 'TODOS', 38, 0, b'0', b'1', b'0', b'0', b'0', b'0', b'0', b'0', b'0', b'0', b'0', b'1', b'0', b'0', '', b'1'),
(12021400, 'TRINDADE(GO) - TABOCAS DO BREJO VELHO(BA)', 8, 1, 1, '16:30', '16:30', 'TODOS', 'TODOS', 12, 40, b'0', b'0', b'0', b'1', b'0', b'0', b'0', b'0', b'0', b'1', b'0', b'0', b'0', b'0', '', b'1'),
(12021441, 'TRINDADE ( GO) X TABOCAS DO BREJ VEJHO (BA)', 48, 6, 6, '16:30', '16:30', 'TODOS', 'TODOS', 12, 40, b'1', b'1', b'0', b'1', b'1', b'1', b'1', b'1', b'1', b'1', b'0', b'1', b'1', b'1', '', b'1'),
(12021461, 'TRINDADE(GO) - TABOCAS DO BREJO VELHO(BA)', 40, 5, 5, '16:30', '16:30', 'TODOS', 'TODOS', 12, 40, b'1', b'1', b'0', b'0', b'1', b'1', b'1', b'1', b'1', b'0', b'0', b'1', b'1', b'1', '', b'1'),
(12021500, 'VALPARAISO DE GOIAS(GO) - PALMAS(TO)', 8, 1, 1, '18:20', '19:15', 'TODOS', 'TODOS', 11, 10, b'0', b'0', b'1', b'0', b'0', b'0', b'0', b'0', b'0', b'0', b'1', b'0', b'0', b'0', '', b'1'),
(12021541, 'VALPARAISO DE GOIAS(GO) - PALMAS(TO)', 112, 5, 5, '18:20', '19:15', 'TODOS', 'TODOS', 11, 10, b'1', b'1', b'1', b'1', b'1', b'1', b'1', b'1', b'1', b'1', b'1', b'1', b'1', b'1', '18:00 SEG A SEX E DOM IDA | 18:30 SEG A SEX E DOM VOLTA', b'1'),
(12021561, 'VALPARAISO DE GOIAS(GO) - PALMAS(TO)', 72, 6, 5, '18:20', '19:15', 'TODOS', 'TODOS', 11, 10, b'1', b'1', b'0', b'1', b'1', b'1', b'1', b'1', b'1', b'0', b'1', b'1', b'1', b'1', '19:00 SEG A SEX E DOM - IDA | 19:15 SEG A QUAT E SEX A DOM VOLTA', b'1'),
(12022200, 'BRASILIA(DF) - GOIANIA(GO)', 55, 7, 7, '15:00', '15:00', 'TODOS', 'TODOS', 3, 40, b'1', b'1', b'1', b'1', b'1', b'1', b'1', b'1', b'1', b'1', b'1', b'1', b'1', b'1', '', b'1'),
(12022261, 'BRASILIA(DF) - GOIANIA(GO)', 112, 7, 7, '7:00', '7:00', 'TODOS', 'TODOS', 3, 40, b'1', b'1', b'1', b'1', b'1', b'1', b'1', b'1', b'1', b'1', b'1', b'1', b'1', b'1', '08:00 TODOS DIAS IDA | 07:45 TODOS DIAS', b'1'),
(12022400, 'BRASILIA(DF) - TERESINA(PI)', 8, 1, 1, '13:00', '13:45', 'TODOS', 'TODOS', 22, 55, b'0', b'0', b'1', b'0', b'0', b'0', b'0', b'0', b'0', b'1', b'0', b'0', b'0', b'0', '', b'1'),
(12022461, 'BRASILIA(DF) - TERESINA(PI)', 40, 5, 5, '13:00', '13:45', 'TODOS', 'TODOS', 22, 55, b'1', b'1', b'0', b'1', b'1', b'1', b'0', b'1', b'1', b'0', b'1', b'1', b'1', b'0', '', b'1'),
(12022500, 'TRINDADE(GO) - CORRENTE(PI)', 8, 1, 1, '14:00', '16:00', 'TODOS', 'TODOS', 16, 0, b'0', b'0', b'1', b'0', b'0', b'0', b'0', b'0', b'0', b'0', b'1', b'0', b'0', b'0', '', b'1'),
(12022541, 'TRINDADE(GO) - CORRENTE(PI)', 56, 6, 6, '14:00', '16:00', 'TODOS', 'TODOS', 16, 0, b'1', b'1', b'1', b'1', b'1', b'0', b'1', b'1', b'1', b'1', b'1', b'1', b'1', b'1', '17:00 SABADO IDA', b'1'),
(12022561, 'TRINDADE(GO) - CORRENTE(PI)', 48, 6, 6, '14:00', '16:00', 'TODOS', 'TODOS', 16, 0, b'1', b'1', b'0', b'1', b'1', b'1', b'1', b'1', b'1', b'1', b'0', b'1', b'1', b'1', '17:00 SAB IDA', b'1'),
(12035600, 'GOIANIA(GO) - SAO PAULO(SP)', 8, 1, 1, '15:00', '14:00', 'TODOS', 'TODOS', 10, 5, b'0', b'0', b'1', b'0', b'0', b'0', b'0', b'0', b'0', b'1', b'0', b'0', b'0', b'0', '', b'1'),
(12035641, 'GOIANIA(GO) - SAO PAULO(SP)', 8, 1, 1, '15:00', '14:00', 'TODOS', 'TODOS', 10, 5, b'0', b'0', b'1', b'0', b'0', b'0', b'0', b'0', b'0', b'1', b'0', b'0', b'0', b'0', '', b'1'),
(12035661, 'GOIANIA(GO) - SAO PAULO(SP)', 40, 5, 5, '15:00', '14:00', 'TODOS', 'TODOS', 10, 5, b'0', b'1', b'0', b'1', b'1', b'1', b'1', b'0', b'1', b'0', b'1', b'1', b'1', b'1', '', b'1'),
(12038000, 'BRASILIA(DF) - UBERABA(MG)', 8, 1, 1, '9:01', '21:30', 'TODOS', 'TODOS', 9, 0, b'0', b'0', b'0', b'0', b'1', b'0', b'0', b'0', b'0', b'0', b'0', b'1', b'0', b'0', '', b'1'),
(12038041, 'BRASILIA(DF) - UBERABA(MG)', 8, 1, 1, '9:00', '21:30', 'Janeiro, Dezembro', 'Janeiro, Dezembro', 9, 0, b'0', b'0', b'0', b'0', b'1', b'0', b'0', b'0', b'0', b'0', b'0', b'1', b'0', b'0', '', b'1'),
(12038061, 'BRASILIA(DF) - UBERABA(MG)', 8, 3, 3, '9:00', '21:30', 'Dezembro', 'Dezembro', 9, 0, b'0', b'1', b'0', b'0', b'0', b'0', b'0', b'1', b'1', b'0', b'0', b'0', b'0', b'0', '', b'1'),
(12038100, 'GOIANIA(GO) - JUAZEIRO DO NORTE(CE)', 8, 1, 1, '08:00', '08:00', 'TODOS', 'TODOS', 38, 0, b'0', b'1', b'0', b'0', b'0', b'0', b'0', b'0', b'1', b'0', b'0', b'0', b'0', b'0', '', b'1'),
(12038161, 'GOIANIA(GO) - JUAZEIRO DO NORTE(CE)', 32, 3, 4, '08:00', '08:00', 'TODOS', 'TODOS', 38, 0, b'1', b'1', b'0', b'1', b'1', b'1', b'1', b'0', b'0', b'0', b'0', b'0', b'0', b'1', '', b'1'),
(12038300, 'GOIANIA(GO) - NATAL(RN) - VIA CORRENTE (BA)', 8, 1, 1, '13:00', '16:00', 'TODOS', 'TODOS', 34, 0, b'0', b'0', b'0', b'0', b'1', b'0', b'0', b'0', b'1', b'0', b'0', b'0', b'0', b'0', '', b'1'),
(12038400, 'GOIANIA(GO) - NATAL(RN)', 8, 1, 1, '13:00', '16:00', 'TODOS', 'TODOS', 44, 0, b'0', b'0', b'0', b'0', b'1', b'0', b'0', b'1', b'0', b'0', b'0', b'0', b'0', b'0', '', b'1'),
(12038461, 'GOIANIA(GO) - NATAL(RN)', 32, 4, 4, '13:00', '16:00', 'Janeiro, Dezembro', 'Janeiro, Dezembro', 44, 0, b'1', b'1', b'0', b'0', b'0', b'0', b'0', b'0', b'1', b'0', b'0', b'0', b'0', b'0', '', b'1'),
(12038600, 'GOIANIA(GO) - SAO PAULO(SP)', 8, 1, 1, '15:00', '14:00', 'TODOS', 'TODOS', 11, 5, b'1', b'0', b'0', b'0', b'0', b'0', b'0', b'1', b'0', b'0', b'0', b'0', b'0', b'0', '', b'1'),
(12038641, 'GOIANIA(GO) - SAO PAULO(SP)', 8, 1, 1, '15:00', '14:00', 'Julho', 'Julho', 11, 5, b'1', b'0', b'0', b'0', b'0', b'0', b'0', b'1', b'0', b'0', b'0', b'0', b'0', b'0', '', b'1'),
(12039300, 'BRASILIA(DF) - SAO PAULO(SP)', 8, 1, 1, '22:00', '21:30', 'TODOS', 'TODOS', 12, 45, b'0', b'0', b'0', b'0', b'0', b'0', b'0', b'0', b'0', b'0', b'0', b'0', b'0', b'0', '', b'1'),
(12039341, 'BRASILIA(DF) - SAO PAULO(SP)', 56, 6, 6, '22:00', '21:30', 'TODOS', 'TODOS', 12, 45, b'0', b'0', b'0', b'0', b'0', b'0', b'0', b'0', b'0', b'0', b'0', b'0', b'0', b'0', '', b'1'),
(12039361, 'BRASILIA(DF) - SAO PAULO(SP)', 56, 5, 5, '19:00', '18:45', 'TODOS', 'TODOS', 12, 45, b'0', b'1', b'1', b'1', b'1', b'1', b'1', b'0', b'1', b'1', b'1', b'1', b'1', b'1', '22:00 QUI E SEX  IDA | 21:45 SEX E DOM VOLTA', b'1'),
(12044400, 'GOIANIA(GO) - ARACAJU(SE)', 8, 1, 1, '8:30', '14:30', 'TODOS', 'TODOS', 25, 0, b'0', b'1', b'0', b'0', b'0', b'0', b'0', b'0', b'0', b'1', b'0', b'0', b'0', b'0', '', b'1'),
(12044461, 'GOIANIA(GO) - ARACAJU(SE)', 8, 1, 1, '8:30', '14:30', 'Julho', 'Julho', 25, 0, b'0', b'0', b'1', b'0', b'0', b'0', b'0', b'0', b'0', b'0', b'1', b'0', b'0', b'0', '', b'1'),
(14001500, 'NATAL(RN) - SAO PAULO(SP)', 8, 1, 1, '04:00', '17:00', 'TODOS', 'TODOS', 60, 0, b'1', b'0', b'0', b'0', b'0', b'0', b'0', b'0', b'1', b'0', b'0', b'0', b'0', b'0', '', b'1'),
(14001561, 'NATAL(RN) - SAO PAULO(SP)', 112, 6, 6, '10:30', '17:00', 'TODOS', 'TODOS', 60, 0, b'1', b'1', b'1', b'1', b'1', b'1', b'1', b'1', b'0', b'1', b'1', b'1', b'1', b'1', '04:00 TER A SAB IDA | 21:00 SEG A SAB VOLTA', b'1'),
(14001700, 'APODI(RN) - SAO PAULO(SP)', 8, 1, 1, '6:30', '16:00', 'TODOS', 'TODOS', 59, 0, b'0', b'1', b'0', b'0', b'0', b'0', b'0', b'1', b'0', b'0', b'0', b'0', b'0', b'0', '', b'1'),
(14001761, 'APODI(RN) - SAO PAULO(SP)', 48, 1, 1, '6:30', '16:00', 'TODOS', 'TODOS', 59, 0, b'0', b'0', b'0', b'0', b'1', b'0', b'0', b'0', b'0', b'0', b'1', b'0', b'0', b'0', '', b'1'),
(14002400, 'NATAL(RN) - SAO PAULO(SP)', 8, 1, 1, '8:00', '8:00', 'TODOS', 'TODOS', 60, 0, b'1', b'0', b'0', b'0', b'0', b'0', b'0', b'0', b'1', b'0', b'0', b'0', b'0', b'0', '', b'1'),
(14002461, 'NATAL(RN) - SAO PAULO(SP)', 48, 6, 6, '8:00', '8:00', 'TODOS', 'TODOS', 60, 0, b'0', b'1', b'1', b'1', b'1', b'1', b'1', b'1', b'0', b'1', b'1', b'1', b'1', b'1', '', b'1'),
(14002900, 'APODI(RN) - SAO PAULO(SP) VIA BARREIRA', 8, 1, 1, '6:30', '16:00', 'TODOS', 'TODOS', 65, 0, b'1', b'0', b'0', b'0', b'0', b'0', b'0', b'0', b'0', b'0', b'0', b'0', b'0', b'1', '', b'1'),
(14002961, 'APODI(RN) - SAO PAULO(SP) VIA BARREIRAS', 32, 4, 4, '6:30', '16:00', 'TODOS', 'TODOS', 65, 0, b'0', b'0', b'1', b'1', b'1', b'0', b'1', b'0', b'1', b'1', b'1', b'0', b'1', b'0', '', b'1'),
(14003000, 'APODI(RN) - SAO PAULO(SP)', 8, 1, 1, '6:30', '09:30', 'DEZEMBRO', 'DEZEMBRO', 59, 0, b'0', b'1', b'0', b'0', b'0', b'0', b'0', b'1', b'0', b'0', b'0', b'0', b'0', b'0', '', b'1'),
(4005061, 'RECIFE(PE) - SAO PAULO(SP)', 8, 1, 1, '8:00', '12:00', 'Julho', 'Dezembro', 58, 0, b'0', b'0', b'0', b'0', b'0', b'0', b'0', b'0', b'0', b'0', b'0', b'0', b'0', b'0', '', b'1'),
(14003061, 'APODI(RN) - SAO PAULO(SP)', 8, 1, 1, '6:30', '09:30', 'Dezembro', 'Dezembro', 59, 0, b'0', b'0', b'0', b'1', b'0', b'1', b'0', b'0', b'0', b'1', b'0', b'1', b'0', b'0', '', b'1');

-- --------------------------------------------------------

--
-- Estrutura da tabela `mensal2022`
--

CREATE TABLE `mensal2022` (
  `PREFIXO` double DEFAULT NULL,
  `VALIDAS` double DEFAULT NULL,
  `MES` double DEFAULT NULL
) ENGINE=InnoDB DEFAULT CHARSET=latin1 COLLATE=latin1_general_ci;

--
-- Extraindo dados da tabela `mensal2022`
--

INSERT INTO `mensal2022` (`PREFIXO`, `VALIDAS`, `MES`) VALUES
(3007600, 11, 52022),
(3007661, 11, 52022),
(3007700, 3, 52022),
(3007741, 4, 52022),
(3007761, 3, 52022),
(4005000, 9, 52022),
(5015700, 8, 52022),
(5015741, 21, 52022),
(5015761, 21, 52022),
(5015800, 8, 52022),
(5015841, 58, 52022),
(5015861, 49, 52022),
(5026300, 31, 52022),
(5026361, 54, 52022),
(6034700, 4, 52022),
(6034800, 7, 52022),
(12020900, 36, 52022),
(12020941, 40, 52022),
(12020961, 50, 52022),
(12021100, 9, 52022),
(12021200, 10, 52022),
(12021400, 7, 52022),
(12021441, 49, 52022),
(12021461, 34, 52022),
(12021500, 36, 52022),
(12021541, 48, 52022),
(12021561, 48, 52022),
(12022200, 84, 52022),
(12022261, 103, 52022),
(12022400, 9, 52022),
(12022461, 39, 52022),
(12022500, 9, 52022),
(12022541, 29, 52022),
(12022561, 23, 52022),
(12035600, 9, 52022),
(12035641, 8, 52022),
(12035661, 49, 52022),
(12038000, 10, 52022),
(12038100, 9, 52022),
(12038161, 29, 52022),
(12038300, 9, 52022),
(12038400, 6, 52022),
(12038461, 12, 52022),
(12038600, 8, 52022),
(12038641, 1, 52022),
(12039300, 32, 52022),
(12039341, 32, 52022),
(12039361, 26, 52022),
(12044400, 10, 52022),
(12044461, 5, 52022),
(14001500, 8, 52022),
(14001561, 115, 52022),
(14001700, 13, 52022),
(14001761, 24, 52022),
(14002400, 9, 52022),
(14002461, 50, 52022),
(14002900, 9, 52022),
(14002961, 31, 52022),
(14003000, 8, 52022),
(3007600, 14, 62022),
(3007661, 15, 62022),
(3007700, 2, 62022),
(5015700, 8, 62022),
(5015741, 8, 62022),
(5015761, 8, 62022),
(5015800, 2, 62022),
(5015841, 54, 62022),
(5015861, 41, 62022),
(5026300, 6, 62022),
(5026361, 24, 62022),
(6034700, 0, 62022),
(6034800, 0, 62022),
(12020900, 12, 62022),
(12020941, 12, 62022),
(12020961, 12, 62022),
(12021100, 3, 62022),
(12021200, 1, 62022),
(12021400, 4, 62022),
(12021441, 48, 62022),
(12021461, 41, 62022),
(12021500, 11, 62022),
(12021541, 11, 62022),
(12021561, 11, 62022),
(12022200, 79, 62022),
(12022261, 119, 62022),
(12022400, 11, 62022),
(12022461, 56, 62022),
(12022500, 1, 62022),
(12022541, 34, 62022),
(12022561, 22, 62022),
(12035600, 6, 62022),
(12035641, 4, 62022),
(12035661, 50, 62022),
(12038000, 4, 62022),
(12038100, 9, 62022),
(12038161, 39, 62022),
(12038300, 2, 62022),
(12038400, 2, 62022),
(12038600, 4, 62022),
(12038641, 2, 62022),
(12039300, 15, 62022),
(12039341, 15, 62022),
(12039361, 15, 62022),
(12044400, 3, 62022),
(14001500, 11, 62022),
(14001561, 79, 62022),
(14001700, 6, 62022),
(14001761, 8, 62022),
(14002400, 3, 62022),
(14002461, 61, 62022),
(14002900, 3, 62022),
(14002961, 23, 62022);

-- --------------------------------------------------------

--
-- Estrutura da tabela `motoristas`
--

CREATE TABLE `motoristas` (
  `NOME` varchar(50) DEFAULT NULL,
  `CPF` varchar(15) DEFAULT NULL,
  `DATA_M` varchar(10) DEFAULT NULL,
  `LIVRE` tinyint(1) NOT NULL,
  `ATIVO` bit(1) NOT NULL
) ENGINE=MyISAM DEFAULT CHARSET=latin1;

--
-- Extraindo dados da tabela `motoristas`
--

INSERT INTO `motoristas` (`NOME`, `CPF`, `DATA_M`, `LIVRE`, `ATIVO`) VALUES
('ABIAS ALVES DE OLIVEIRA', '429.827.152-87', '2022-06-24', 1, b'1'),
('ABIMAEL PEREIRA DE SOUSA', '006.576.961-96', '2022-06-24', 1, b'1'),
('ADAILSON DE JESUS SILVA', '891.029.405-15', '2022-06-24', 1, b'1'),
('ADAILTON DA SILVA RODRIGUES MENDONCA', '950.749.101-53', '2022-06-22', 1, b'1'),
('ADALBERTO PEREIRA DA SILVA', '362.143.703-78', '2022-06-22', 1, b'1'),
('ADAO MOREIRA GOMES', '442.799.651-53', '2022-06-22', 1, b'1'),
('ADAO RIBEIRO DE FREITAS', '189.006.821-72', '2022-06-22', 1, b'1'),
('ADAO SOARES DA SILVA', '340.706.056-49', '2022-06-22', 1, b'1'),
('ADELMO CORREIA VENTURA', '472.707.484-20', '2022-06-22', 1, b'1'),
('ADEMARIO BRAGA FERREIRA', '001.746.855-80', '2022-06-22', 1, b'1'),
('ADEMIR MORAES DE LUCENA', '892.897.224-87', '2022-06-22', 1, b'1'),
('ADENILTON CAMPOS DA SILVA', '015.718.445-54', '2022-06-22', 1, b'1'),
('ADILSON CANDIDO DA SILVA', '466.853.751-91', '2022-06-24', 1, b'1'),
('ADILSON SANTANA MARQUES', '020.350.715-00', '2022-06-24', 1, b'1'),
('ADIR CASSIMIRO DA SILVA', '252.344.801-78', '2022-06-24', 1, b'1'),
('ADRIANO GONCALVES DE OLIVEIRA', '008.828.251-19', '2022-06-24', 1, b'1'),
('ADRIANO TERTULIANO DA SILVA', '693.817.471-72', '2022-06-24', 1, b'1'),
('AFRANIO FERREIRA DOS SANTOS', '891.074.115-53', '2022-06-24', 1, b'1'),
('AGNALDO DE JESUS PASSOS', '009.945.065-89', '2022-06-22', 1, b'1'),
('AILTON CARLOS ANDRADE DOS SANTOS', '109.063.985-68', '2022-06-22', 1, b'1'),
('AILTON MARTINS', '510.881.851-34', '2022-06-22', 1, b'1'),
('ALAERCIO MARTINS DE LACERDA', '572.953.871-53', '2022-06-22', 1, b'1'),
('ALAIR DE LELES FERREIRA', '350.219.776-87', '2022-06-23', 1, b'1'),
('ALAN DUARTE DA ROCHA', '736.210.301-82', '2022-06-23', 1, b'1'),
('ALBERTO FERREIRA DA SILVA', '536.967.195-87', '2022-06-23', 1, b'1'),
('ALBERTO LUIZ PIMENTEL DE NORONHA', '941.641.345-34', '2022-06-23', 1, b'1'),
('ALCEMI RODRIGUES DE MESQUITA', '304.856.733-04', '2022-06-23', 1, b'1'),
('ALCIMAR ALVES DE SA', '827.502.541-91', '2022-06-23', 1, b'1'),
('ALDEMIR DA SILVA', '916.172.511-00', '2022-06-23', 1, b'1'),
('ALESSANDRO PEREIRA SILVA', '899.671.351-15', '2022-06-23', 1, b'1'),
('ALESSANDRO RODRIGUES BRAGA SILVA', '015.985.301-00', '2022-06-23', 1, b'1'),
('ALESSANDRO VALENTIM GOMES', '009.871.865-74', '2022-06-23', 1, b'1'),
('ALEX ALVES DE MELO', '024.101.801-32', '2022-06-23', 1, b'1'),
('ALEX MAGALHAES FERREIRA DE SOUZA', '033.102.471-39', '2022-06-23', 1, b'1'),
('ALEX SILVA LEITE', '634.790.105-63', '2022-06-23', 1, b'1'),
('ALEXANDRE FERREIRA DAMASCENO', '020.196.213-63', '', 0, b'1'),
('ALEXANDRE LEITE PEREIRA', '880.093.605-97', '', 0, b'1'),
('ALEXANDRE NEVES', '259.913.998-83', '', 0, b'1'),
('ALEXSANDRO LEITE DE LUCENA', '471.669.401-15', '', 0, b'1'),
('ALEXSANDRO SOARES DA MOTA', '019.213.915-02', '', 0, b'1'),
('ALLAN KARDEC MESSIAS FILHO', '005.567.811-47', '', 0, b'1'),
('ALMIR CEZAR GONÇALVES DA CRUZ', '890.514.241-91', '', 0, b'1'),
('ALMIR DA SILVA ARAUJO JUNIOR', '399.257.225-00', '', 0, b'1'),
('ALMIR ROGERIO MOREIRA SANTOS', '667.808.885-91', '', 0, b'1'),
('ALVAIR CELESTINO DE OLIVEIRA', '775.275.856-68', '', 0, b'1'),
('ALVENI SANTANA PIRES', '315.717.001-53', '', 0, b'1'),
('AMARO FRANCISCO SALES', '194.412.824-72', '', 0, b'1'),
('ANDERSON MARTINS DE FREITAS', '708.720.741-53', '', 0, b'1'),
('ANDERSON SOARES DA SILVA', '852.130.631-87', '', 0, b'1'),
('ANDRE LUIZ DE SOUZA CARNEIRO', '607.065.621-00', '2022-06-23', 1, b'1'),
('ANDRE LUIZ DOS SANTOS GOMES', '716.433.621-00', '', 0, b'1'),
('ANDRE LUIZ SILVA DOS SANTOS', '029.517.601-67', '', 0, b'1'),
('ANDRE LUIZ URSULINO DO NASCIMENTO', '658.683.741-34', '', 0, b'1'),
('ANGELO PAULO DOS SANTOS', '282.327.041-87', '', 0, b'1'),
('ANTONILTON DE OLIVEIRA RAMOS', '221.070.291-72', '', 0, b'1'),
('ANTONIO AUGUSTO VAZ SAMPAIO', '598.160.401-82', '', 0, b'1'),
('ANTONIO CARLOS DAMASCENO', '598.548.046-15', '', 0, b'1'),
('ANTONIO CARLOS DE OLIVEIRA', '628.153.771-87', '2022-06-23', 1, b'1'),
('ANTONIO CARLOS MASSON', '003.369.258-08', '2022-06-23', 1, b'1'),
('ANTONIO CARLOS MOTA MOREIRA', '536.758.605-82', '2022-06-23', 1, b'1'),
('ANTONIO EDILSON SOUSA DA SILVA', '492.820.421-20', '2022-06-23', 1, b'1'),
('ANTONIO CARLOS DE MOURA', '986.284.021-87', '2022-06-23', 1, b'1'),
('ANTONIO FERNANDO DOS SANTOS', '952.051.445-72', '2022-06-23', 1, b'1'),
('ANTONIO FRANCISCO ALVES DOS SANTOS', '895.150.801-34', '2022-06-22', 1, b'1'),
('ANTONIO GUSTAVO COSTA AQUINO', '049.786.383-99', '', 0, b'1'),
('ANTONIO HENRIQUE DE LIMA VALVERDE', '315.994.435-20', '', 0, b'1'),
('ANTONIO HERCILIO OLIVEIRA', '459.643.865-04', '', 0, b'1'),
('ANTONIO JOSENILDO DOS SANTOS DANTAS', '608.021.975-15', '', 0, b'1'),
('ANTONIO MANOEL SIMPLICIO FILHO', '545.881.465-72', '', 0, b'1'),
('ANTÔNIO MASSENA DE AZEVEDO', '278.015.004-15', '2022-06-22', 1, b'1'),
('ANTONIO MORAIS DA SILVA', '335.042.453-87', '2022-06-22', 1, b'1'),
('ANTONIO RAIMUNDO MAGALHAES', '539.588.101-87', '2022-06-22', 1, b'1'),
('ANTONIO RODRIGUES DA SILVA', '226.587.261-04', '2022-06-22', 1, b'1'),
('ANTONIO SAMPAIO DA SILVA', '515.860.611-00', '2022-06-22', 1, b'1'),
('APARECIDO RODRIGUES DA SILVA', '533.375.571-04', '2022-06-22', 1, b'1'),
('ARIMATEIA FERREIRA NETO', '798.992.003-44', '2022-06-22', 1, b'1'),
('ARISTEU FERREIRA DA SILVA', '462.609.356-68', '2022-06-22', 1, b'1'),
('BRUNO DA SILVA GOMES', '018.450.771-56', '2022-06-22', 1, b'1'),
('BRUNO SANTOS PEREIRA DA SILVA', '045.190.141-07', '2022-06-22', 1, b'1'),
('CAIO FILIPE DA SILVA FLORES DOS SANTOS', '056.425.413-40', '2022-06-22', 1, b'1'),
('CAMILO DA SILVA SANTOS', '803.323.661-20', '2022-06-22', 1, b'1'),
('CARLITO DA SILVA CRUZ', '698.209.451-00', '2022-06-22', 1, b'1'),
('CARLO BRITTO PIZZANI', '935.315.835-49', '2022-06-22', 1, b'1'),
('CARLOS ALBERTO DOS SANTOS GOMES', '180.572.468-12', '2022-06-22', 1, b'1'),
('CARLOS ALBERTO RABELO', '411.430.515-72', '2022-06-22', 1, b'1'),
('CARLOS AUGUSTO FERREIRA LIMA', '796.621.101-00', '2022-06-22', 1, b'1'),
('CARLOS CEZAR BEZERRA CARNEIRO', '185.663.591-00', '2022-06-22', 1, b'1'),
('CARLOS DO ROSARIO DA CUNHA', '792.095.805-91', '2022-06-22', 1, b'1'),
('CARLOS JOSE DA COSTA SILVA', '829.484.373-34', '2022-06-22', 1, b'1'),
('CARLOS LUIZ COELHO', '380.401.401-10', '2022-06-22', 1, b'1'),
('CARLOS LUIZ DA SILVA OLIVEIRA', '026.936.941-40', '2022-06-22', 1, b'1'),
('CARLOS MAGNO CAVALCANTE SANTOS', '686.450.745-91', '2022-06-22', 1, b'1'),
('CARLOS PEREIRA DE ALVARENGA', '816.049.041-00', '2022-06-22', 1, b'1'),
('CASSIMIRO DE ARAUJO SILVA', '015.353.981-08', '2022-06-22', 1, b'1'),
('CELIO ALVES RIBEIRO', '359.333.481-04', '2022-06-23', 1, b'1'),
('CELIO ROBERTO JESUS SOARES', '650.505.171-68', '2022-06-23', 1, b'1'),
('cezar soares da costa', '725.033.193-00', '2022-06-23', 1, b'1'),
('CIRILO DOS SANTOS', '606.261.435-00', '2022-06-23', 1, b'1'),
('CLADISOM SOUZA DOS SANTOS', '925.423.281-53', '2022-06-22', 1, b'1'),
('CLAUDEMI SILVA FREITAS', '036.277.635-05', '2022-06-22', 1, b'1'),
('CLAUDEMIR PEREIRA LIMA', '957.836.364-87', '2022-06-22', 1, b'1'),
('CLAUDILIDIO DE SOUZA LEMOS', '791.092.761-49', '2022-06-22', 1, b'1'),
('CLAUDINEI CORREIA PINTO', '777.037.310-72', '2022-06-24', 1, b'1'),
('CLAUDIO CARVALHO', '652.027.086-53', '2022-06-24', 1, b'1'),
('CLAUDIO DOS SANTOS FREITAS', '931.573.475-00', '2022-06-24', 1, b'1'),
('CLAUDIO EDUARDO RUA', '521.415.431-34', '2022-06-24', 1, b'1'),
('CLAUDIO GONCALVES VIEIRA', '798.940.701-91', '2022-06-24', 1, b'1'),
('CLAUDIO JOSE VITORINO', '549.696.201-30', '2022-06-22', 1, b'1'),
('CLAUDIO LIZIAS DE OLIVEIRA BORGES', '000.376.515-60', '2022-06-22', 1, b'1'),
('CLAUDIO OLIVEIRA DA SILVA', '576.915.335-00', '2022-06-22', 1, b'1'),
('CLAUDIO PEREIRA DE ALMEIDA', '605.602.741-49', '2022-06-22', 1, b'1'),
('CLAUDIO RIBEIRO LAUREANO', '003.015.791-99', '2022-06-22', 1, b'1'),
('CLAUDIO SANTANA NASCIMENTO', '629.478.265-15', '2022-06-22', 1, b'1'),
('CLAUDIONICIO DA HORA JESUS', '001.828.655-09', '', 0, b'1'),
('CLAUDIONOR NERES DOS SANTOS', '929.939.585-34', '', 0, b'1'),
('CLAUDIR ANTONIO LUCCA', '049.729.259-90', '', 0, b'1'),
('CLAYTON FERREIRA DE ARAUJO', '850.435.161-00', '', 0, b'1'),
('CLAYTON SANTOS AIRES PEREIRA', '563.536.931-68', '', 0, b'1'),
('CLEBER FERREIRA DOS SANTOS', '690.467.941-72', '', 0, b'1'),
('CLEBER OLIVEIRA TOMAZ DA SILVA', '780.391.931-68', '', 0, b'1'),
('CLEBSON GUIMARAES PINHEIRO', '002.542.925-69', '', 0, b'1'),
('CLEBSON LOPES CONCEICAO', '967.865.235-87', '', 0, b'1'),
('CLEDEVALDO LUIS DE SOUSA', '585.398.241-91', '', 0, b'1'),
('CLEDISON PEREIRA CLEMENTINO', '579.177.951-87', '', 0, b'1'),
('CLEDSON LOPES CONCEICAO', '897.139.585-00', '', 0, b'1'),
('CLEITON DA SILVA BALBINO', '004.046.651-52', '', 0, b'1'),
('CLEITON FERREIRA ALVES', '872.837.191-72', '', 0, b'1'),
('CLENUNES SANTANA DE OLIVEIRA', '721.375.091-72', '', 0, b'1'),
('CLERISTON DE ARAUJO CARNEIRO', '017.299.045-99', '', 0, b'1'),
('CLESO DE OLIVEIRA SANTOS SOUZA', '011.482.091-07', '', 0, b'1'),
('CLEUBER RODRIGUES DE QUEIROZ', '844.855.661-53', '', 0, b'1'),
('CLEUBERT DE SOUSA BRITO', '559.774.131-49', '', 0, b'1'),
('CLIVSON DE JESUS MARTINS', '013.999.955-88', '', 0, b'1'),
('CRESO RUBENS MARQUES DA SILVA FILHO', '934.002.411-72', '', 0, b'1'),
('CRISTIANO COSTA RIBEIRO', '851.463.404-63', '', 0, b'1'),
('CRISTIANO LIMA DE SOUSA', '345.723.138-90', '', 0, b'1'),
('CRISTIANO MARCELINO PERES', '831.279.411-53', '', 0, b'1'),
('CRISTIANO MESQUITA BEZERRA', '718.212.441-68', '', 0, b'1'),
('DANIEL COSTA LIMA', '600.437.043-60', '', 0, b'1'),
('DANIEL DA SILVA BEZERRA', '034.411.141-59', '', 0, b'1'),
('DANIEL GOMES LIMA', '478.187.943-87', '', 0, b'1'),
('DANIEL GOMES THOMAZ', '858.494.131-20', '', 0, b'1'),
('DANIEL PEREIRA DIAS', '005.553.605-04', '', 0, b'1'),
('DANIEL RIBEIRO DE SOUZA', '248.079.585-34', '', 0, b'1'),
('DANIEL SOARES DA SILVA', '715.125.601-97', '', 0, b'1'),
('DANIEL TEIXEIRA ABREU', '876.452.891-04', '', 0, b'1'),
('DANILO CARMO DOS SANTOS', '025.217.385-65', '', 0, b'1'),
('DANILO CUNHA DE SOUZA', '964.489.971-72', '', 0, b'1'),
('DANILO GLAUBER SANTOS SIMOES', '978.661.485-20', '', 0, b'1'),
('DANILO LOPES CIRQUEIRA', '056.898.951-13', '', 0, b'1'),
('DANILO SILVA E SOUSA', '367.005.718-80', '', 0, b'1'),
('DANILO SOARES DA SILVA', '000.798.021-33', '', 0, b'1'),
('DARILENE DOS SANTOS SILVA', '375.825.421-34', '', 0, b'1'),
('DARIO ALVES DA SILVA', '579.088.771-68', '', 0, b'1'),
('DARLAN FILGUEIRA DE SOUZA', '593.390.555-00', '', 0, b'1'),
('DAVI SALUSTIANO BATALHA', '494.127.441-53', '', 0, b'1'),
('DAVID DANIEL GOMES', '770.693.233-87', '', 0, b'1'),
('DENE WERCELENS DA SILVA', '979.701.231-04', '', 0, b'1'),
('DENILSON COSTA BRITO', '375.170.235-00', '', 0, b'1'),
('DEUSDETE PATRICIO DE SOUZA', '253.237.921-91', '', 0, b'1'),
('DEVANI DE OLIVEIRA SARDEIRO', '941.884.241-68', '', 0, b'1'),
('DEYVES COTRIN ESSADO', '139.426.098-94', '', 0, b'1'),
('DIJESUS MARTINS MIRANDA', '033.270.641-99', '', 0, b'1'),
('DINOR TEIXEIRA FILHO', '344.351.071-04', '', 0, b'1'),
('DIONILSO CORDEIRO DE ALMEIDA', '522.236.635-91', '', 0, b'1'),
('DIVINO ANTONIO JANUARIO', '159.338.731-87', '', 0, b'1'),
('DORALICIO WINDER DO NASCIMENTO', '783.164.131-91', '', 0, b'1'),
('DORVAL XAVIER DA ROCHA JUNIOR', '007.133.271-54', '', 0, b'1'),
('EDELSIRLEI DE SOUSA FERREIRA', '958.862.221-20', '', 0, b'1'),
('EDER DOS SANTOS ARAUJO', '951.264.491-68', '', 0, b'1'),
('EDER VITAL DA FONSECA', '400.154.671-04', '', 0, b'1'),
('EDESIO NERES DA SILVA', '578.619.781-68', '', 0, b'1'),
('EDICARLOS GONCALVES DA COSTA SANTOS', '005.054.211-78', '', 0, b'1'),
('EDILENO DE OLIVEIRA FEIJAO', '002.739.133-79', '', 0, b'1'),
('EDILSON ARAUJO OLIVEIRA', '014.101.825-92', '', 0, b'1'),
('EDILSON CARDOSO DE JESUS', '892.870.101-53', '', 0, b'1'),
('EDILSON MARCELINO DO NASCIMENTO', '018.748.281-05', '', 0, b'1'),
('EDIMAR JOAQUIM BORGES', '282.122.901-15', '', 0, b'1'),
('EDIMILSON ALVES MARQUES', '808.037.331-00', '', 0, b'1'),
('EDIMILSON NOGUEIRA SOARES', '865.983.251-53', '', 0, b'1'),
('EDINEI MARTINS RIBEIRO', '804.467.601-53', '', 0, b'1'),
('EDINEI OLIVEIRA DE SOUZA', '003.387.465-44', '', 0, b'1'),
('EDIO MACEDO CARNEIRO', '018.802.595-24', '', 0, b'1'),
('EDIVAN DE JESUS BISPO', '003.320.295-81', '', 0, b'1'),
('EDIVAN MATIAS DA SILVA', '499.268.024-00', '', 0, b'1'),
('EDMILSON GONCALO DOS SANTOS', '791.515.584-91', '', 0, b'1'),
('EDMILSON JUNHO RIBEIRO', '654.361.304-10', '', 0, b'1'),
('EDMILTON DE MOURA', '032.480.079-74', '', 0, b'1'),
('EDNALDO MIRANDA SILVA', '000.062.935-90', '', 0, b'1'),
('EDRIEL DAVILA DA SILVA', '019.340.481-86', '', 0, b'1'),
('EDSON ARRAIS NASCIMENTO', '789.654.382-68', '', 0, b'1'),
('EDSON CARLOS SANTOS TEIXEIRA', '840.104.605-04', '', 0, b'1'),
('EDSON DA SILVA JUNIOR', '910.893.016-34', '', 0, b'1'),
('EDSON DE OLIVEIRA', '676.768.716-20', '', 0, b'1'),
('EDSON FERREIRA DOS SANTOS', '345.041.501-82', '', 0, b'1'),
('EDSON NOGUEIRA DOS SANTOS', '569.325.886-68', '', 0, b'1'),
('EDSON RAIMUNDO MOREIRA DE ARAUJO', '357.445.105-91', '', 0, b'1'),
('EDSON TAVARES DOS ANJOS', '573.048.741-04', '', 0, b'1'),
('EDUARDO CARVALHO DE SOUZA', '030.516.858-44', '', 0, b'1'),
('EDUARDO FRANKLIN CAVALCANTE', '021.282.884-36', '', 0, b'1'),
('EDUARDO MATIAZZI', '062.112.198-30', '', 0, b'1'),
('EDVALDO JOSE SILVA', '244.030.161-20', '', 0, b'1'),
('EDVALDO SENA MACEDO', '986.678.405-30', '', 0, b'1'),
('ELESSANDRO FERREIRA DE SOUZA', '818.249.121-53', '', 0, b'1'),
('ELIAQUIM DA SILVA PEREIRA', '736.820.471-15', '', 0, b'1'),
('ELIAS PEDRO DE SOUSA', '287.233.331-20', '', 0, b'1'),
('ELIAS SOARES DA SILVA', '030.835.841-48', '', 0, b'1'),
('ELIAS SOUZA SALES SANTOS FILHO', '705.413.965-87', '', 0, b'1'),
('ELIEDSON OLIVEIRA DE SOUSA', '008.636.784-67', '', 0, b'1'),
('ELIEL SOUZA DA SILVA', '505.990.111-49', '', 0, b'1'),
('ELISMAR MONTEIRO DA SILVA', '804.521.751-00', '', 0, b'1'),
('ELIVELTHON ALVES COSTA', '052.313.621-82', '', 0, b'1'),
('ELSON DIAS DOS SANTOS JUNIOR', '022.132.885-85', '', 0, b'1'),
('ELTON SOUSA DA CRUZ', '034.729.261-55', '', 0, b'1'),
('ELVIS PEREIRA DO SACRAMENTO', '009.436.945-31', '', 0, b'1'),
('EMANOEL ALVES TEIXEIRA', '619.787.875-53', '', 0, b'1'),
('EMERSON DE BARROS BRANCO NEVES', '872.052.894-91', '', 0, b'1'),
('EMERSON GOMES DA SILVA', '003.553.471-05', '', 0, b'1'),
('EMIVAL FERREIRA DE OLIVEIRA', '663.331.561-91', '', 0, b'1'),
('EMIVAL MAMEDE DA COSTA', '518.348.634-49', '', 0, b'1'),
('ENILSON CESINO DE MEDEIROS', '455.458.714-20', '', 0, b'1'),
('ENIO GOMES DE SOUZA', '870.466.791-34', '', 0, b'1'),
('ENIVALDO DE OLIVEIRA CAMPOS', '988.027.806-25', '', 0, b'1'),
('ERIVALDO DE MELO LIMA JUNIOR', '279.854.788-17', '', 0, b'1'),
('ERIVAN DE OLIVEIRA PEREIRA', '033.671.901-95', '', 0, b'1'),
('ESILVANDO CAMPOS DE OLIVEIRA', '597.243.311-72', '', 0, b'1'),
('EUDES HUMBERTO BENEVENUTO', '516.274.931-15', '', 0, b'1'),
('EUDVAN GASPAR DE SOUZA', '827.656.421-68', '', 0, b'1'),
('EUZEBIO BATISTA DE JESUS', '782.249.505-49', '', 0, b'1'),
('EUZEBIO LOURENCO DE ABREU', '816.152.561-72', '', 0, b'1'),
('EVANDRO BERNARDO GARCIA', '020.047.418-99', '', 0, b'1'),
('EVANDRO MACEDO LIMA', '676.418.655-34', '', 0, b'1'),
('EVERTON PONTES SOARES', '002.057.501-76', '', 0, b'1'),
('EZEQUIAS DE CARVALHO', '669.796.501-06', '', 0, b'1'),
('FABIANO LIMA LYRA', '047.759.385-25', '', 0, b'1'),
('FABIO AMORIM ROCHA', '810.309.241-04', '', 0, b'1'),
('FABIO CARDOSO DA SILVA', '043.812.491-00', '', 0, b'1'),
('FABIO CESAR CONCEICAO COSTA', '933.618.315-04', '', 0, b'1'),
('FABIO DAS DORES LOPES', '033.104.293-26', '', 0, b'1'),
('FABIO GOMES MONTEIRO', '603.123.861-68', '', 0, b'1'),
('FABIO RESENDE DA SILVA', '693.401.881-87', '', 0, b'1'),
('FABIO ROBERTO MIRANDA MARTINS', '888.703.755-87', '', 0, b'1'),
('FAGNER PEREIRA LEITE', '039.717.715-13', '', 0, b'1'),
('FERNANDO APARECIDO FERREIRA DE AZEVEDO', '096.305.766-94', '', 0, b'1'),
('FERNANDO BENTO DA CRUZ', '734.348.171-15', '', 0, b'1'),
('FERNANDO GONZAGA COELHO', '021.457.871-27', '', 0, b'1'),
('FERNANDO NERY ROSA DE OLIVEIRA', '340.287.495-49', '', 0, b'1'),
('FERNANDO SOUZA SARAIVA', '001.114.561-77', '', 0, b'1'),
('FLAVIO GOMES ABELHA', '906.251.611-49', '', 0, b'1'),
('FOSTONY MACARIO DE ARAUJO', '620.610.035-91', '', 0, b'1'),
('FRANCILEUDO PEREIRA RODRIGUES', '715.582.921-87', '', 0, b'1'),
('FRANCILIO RODRIGUES DE SOUSA', '753.957.111-04', '', 0, b'1'),
('FRANCINILTON PEREIRA DOS SANTOS', '287.069.941-72', '', 0, b'1'),
('FRANCIS DE OLIVEIRA COSTA', '968.835.025-72', '', 0, b'1'),
('FRANCISCO ALMIR SARMENTO', '196.214.933-15', '', 0, b'1'),
('FRANCISCO CARLOS VIANA BATISTA', '386.521.533-53', '', 0, b'1'),
('FRANCISCO CLEUME FERREIRA DA SILVA', '773.636.203-34', '', 0, b'1'),
('FRANCISCO DAS CHAGAS ALVES LIMA', '816.681.981-34', '', 0, b'1'),
('FRANCISCO DAS CHAGAS LOPES FEITOSA', '710.426.793-04', '', 0, b'1'),
('FRANCISCO DE ASSIS DA SILVA', '225.790.601-20', '', 0, b'1'),
('FRANCISCO DE ASSIS DO NASCIMENTO BEZERRA', '034.270.291-23', '', 0, b'1'),
('FRANCISCO DE ASSIS SANTOS', '429.748.286-04', '', 0, b'1'),
('FRANCISCO EDVANILDO PEREIRA', '711.324.494-72', '', 0, b'1'),
('FRANCISCO ELISIARIO SILVA DOS SANTOS', '441.858.805-10', '', 0, b'1'),
('FRANCISCO EVERARDO FEITOZA MANGUEIRA', '620.130.251-49', '', 0, b'1'),
('FRANCISCO GILBERTO DE MEDEIROS', '831.360.701-78', '', 0, b'1'),
('FRANCISCO JOSE BARROS DA SILVA', '761.197.853-53', '', 0, b'1'),
('FRANCISCO JOSE DE SOUSA PEREIRA', '429.119.151-00', '', 0, b'1'),
('FRANCISCO JOSE FREIRE DE PAIVA', '826.364.001-68', '', 0, b'1'),
('FRANCISCO NETO FILHO', '810.336.051-15', '', 0, b'1'),
('FRANCISCO RODRIGUES DE ALMEIDA', '350.376.445-34', '', 0, b'1'),
('FRANCISCO RODRIGUES DE SOUZA', '225.192.971-15', '', 0, b'1'),
('FRANCISCO SILVESTRE NETO', '316.369.694-53', '', 0, b'1'),
('FRANCISCO TOMAS DA CRUZ', '000.253.928-40', '', 0, b'1'),
('FRANCISCO WANDERLEY DOS SANTOS', '809.263.471-87', '', 0, b'1'),
('FRANCIVALDO MARINHO CAVALCANTE', '480.590.995-15', '', 0, b'1'),
('FREDERICO CARDOSO CAMILO', '012.969.401-01', '', 0, b'1'),
('GABRIEL LOPES NETO', '012.846.124-14', '', 0, b'1'),
('GENEVALDO DOS SANTOS LOPES', '628.397.645-04', '', 0, b'1'),
('GENILSON ANTONIO DO NASCIMENTO', '965.521.314-53', '', 0, b'1'),
('GENIVAL FREIRE COUTINHO', '316.626.841-34', '', 0, b'1'),
('GENIVAL ROCHA DE ALMEIDA', '480.330.575-72', '', 0, b'1'),
('GEONI SANTOS DA SILVA', '993.603.811-87', '', 0, b'1'),
('GEORGE DE ARAUJO', '641.247.461-72', '', 0, b'1'),
('GEORGE LUCAS LIMA FERREIRA', '019.459.233-26', '', 0, b'1'),
('GEOVANY JOSE DE SOUSA', '044.259.801-74', '', 0, b'1'),
('GERAILTON CRUZ BERNARDO', '010.136.934-42', '', 0, b'1'),
('GERALDO ALONSO DE OLIVEIRA', '645.111.201-10', '', 0, b'1'),
('GERALDO SENIL DANIEL', '001.234.846-50', '', 0, b'1'),
('GERALDO VANDER QUINTINO', '815.484.191-68', '', 0, b'1'),
('GERALDO WAGNER PEREIRA DA SILVA', '045.917.016-38', '', 0, b'1'),
('GEREMIAS RODRIGUES DE ALMEIDA', '828.740.001-59', '', 0, b'1'),
('GICELIO GUEDES LISBOA', '879.890.691-72', '', 0, b'1'),
('GILBERTO LUCIO DOS SANTOS FILHO', '779.742.805-06', '', 0, b'1'),
('GILDEON ALVES DE ALMEIDA', '767.386.981-00', '', 0, b'1'),
('GILMAR BATISTA DE SOUZA', '008.604.121-56', '', 0, b'1'),
('GILMAR DA COSTA ALVES', '535.863.445-20', '', 0, b'1'),
('GILMAR PEREIRA MARQUES', '450.970.891-20', '', 0, b'1'),
('GILMAR RODRIGUES LOPES DE AZEVEDO', '527.845.761-91', '', 0, b'1'),
('GILMAR VIEIRA DA SILVA', '974.908.491-87', '', 0, b'1'),
('GILMARIO DOS ANJOS SANTOS', '030.104.435-01', '', 0, b'1'),
('GILSIMAR CARVALHO PINHEIRO', '839.438.381-53', '', 0, b'1'),
('GILSON CASSIANO DA SILVA', '000.587.201-46', '', 0, b'1'),
('GILSON FERNANDES DINIZ', '586.169.854-68', '', 0, b'1'),
('GILSON FERNANDES LINO', '009.206.861-84', '', 0, b'1'),
('GILSON RIBEIRO MAIA', '044.516.444-10', '', 0, b'1'),
('GILVAN LOPES BOMFIM', '986.107.325-68', '', 0, b'1'),
('GILVAN LOPES PEREIRA', '005.258.861-09', '', 0, b'1'),
('GILVAN PEREIRA DE JESUS', '457.757.535-34', '', 0, b'1'),
('GILVANILDO RUFINO DE LIMA', '705.036.055-49', '', 0, b'1'),
('GILVANIO PEREIRA DE JESUS', '942.285.316-87', '', 0, b'1'),
('GIVALDO REGO', '895.057.355-53', '', 0, b'1'),
('GLEBSON FIGUEIREDO OLIVEIRA', '636.326.595-91', '', 0, b'1'),
('GLEISON DA SILVA DE JESUS', '953.774.331-49', '', 0, b'1'),
('GUILHERME MOREIRA DA SILVA', '011.297.101-65', '', 0, b'1'),
('HAILTON AMADO ALVES', '564.205.281-00', '', 0, b'1'),
('HAROLDO JORGE DA CUNHA', '012.831.101-05', '', 0, b'1'),
('HELIO SATURNINO DA SILVA', '867.656.041-20', '', 0, b'1'),
('HELIO SOARES DA SILVA', '950.132.021-91', '', 0, b'1'),
('HELTON DE OLIVEIRA PINHEIRO', '692.771.171-68', '', 0, b'1'),
('HERMINO ALVES DO NASCIMENTO', '232.643.651-20', '', 0, b'1'),
('HILDEGARDES SOARES GOMES', '836.300.401-44', '', 0, b'1'),
('HILTON MARACAIPE DE OLIVEIRA', '467.009.433-53', '', 0, b'1'),
('HILZELITO ALVES CASAES', '505.100.025-87', '', 0, b'1'),
('HOFFMAN COELHO DE OLIVEIRA', '017.932.721-66', '', 0, b'1'),
('HOMERO ROSA JACOB FILHO', '126.787.378-70', '', 0, b'1'),
('HORAZIL TOMAZ DA SILVA', '383.018.221-04', '', 0, b'1'),
('HUGO CESAR ANTUNES FILHO', '703.292.791-22', '', 0, b'1'),
('HUGO LEONARDO DE SOUZA DANTAS', '017.640.811-88', '', 0, b'1'),
('IBERLUCIO GERONIMO NETO', '552.322.135-04', '', 0, b'1'),
('IDELFONSO COUTINHO', '590.960.391-49', '', 0, b'1'),
('IGOR ALVES MESQUITA', '034.598.441-24', '', 0, b'1'),
('ILDOMAR PEREIRA LIMA', '602.764.951-87', '', 0, b'1'),
('INACIO MUNIZ DA SILVA FILHO', '478.253.591-00', '', 0, b'1'),
('IRAN DOUGLAS FERREIRA DA SILVA SANTOS', '756.266.671-72', '', 0, b'1'),
('IRAN MARCOS DE OLIVEIRA', '610.537.081-49', '', 0, b'1'),
('IRENILTON FERREIRA BARREIRA', '844.972.461-91', '', 0, b'1'),
('IRINALDO AMARO DA SILVA', '686.124.864-91', '', 0, b'1'),
('ISAIAS TIBURCIO DA SILVA', '916.311.304-04', '', 0, b'1'),
('IVALDO DE JESUS MARQUES CASTRO', '827.765.043-49', '', 0, b'1'),
('IVAN GUEDES SILVA', '291.604.991-68', '', 0, b'1'),
('IVANILDO DE PAULA RIBEIRO', '599.960.561-04', '', 0, b'1'),
('IVO ANTONIO DE BARCELOS FIGUEIREDO', '722.009.601-15', '', 0, b'1'),
('IZAIAS MARQUES DE DEUS', '040.270.574-22', '', 0, b'1'),
('JACI DIONISIO PEREIRA', '647.389.901-44', '', 0, b'1'),
('JACKSON MARQUES DE SOUSA', '001.828.811-13', '', 0, b'1'),
('JACKSON MUNIZ DA SILVA', '025.347.534-10', '', 0, b'1'),
('JACKSON WILLIAN TOMAZ', '066.790.364-02', '', 0, b'1'),
('JACSON DA SILVA CARVALHO', '504.403.815-68', '', 0, b'1'),
('JADESON RAIMUNDO SANTOS', '838.796.095-00', '', 0, b'1'),
('JADILSON DE CARVALHO LISBOA', '016.663.583-98', '', 0, b'1'),
('JAICE UESTER CASSIMIRO', '689.427.961-68', '', 0, b'1'),
('JAIME ANDRADE SANTOS', '872.384.975-49', '', 0, b'1'),
('JAIR CRUZ SOARES', '905.082.035-20', '', 0, b'1'),
('JAIR DA SILVA', '879.545.759-34', '', 0, b'1'),
('JAIR DOS SANTOS DA SILVA', '783.940.075-20', '', 0, b'1'),
('JAKSON CARDOSO DOS SANTOS', '810.402.451-53', '', 0, b'1'),
('JAMES DIOGENES DOS SANTOS', '607.452.662-15', '', 0, b'1'),
('JAMISSON FERREIRA LIMA', '588.052.305-53', '', 0, b'1'),
('JANIO ALVES MORENO', '697.044.492-91', '', 0, b'1'),
('JANIO LIMA MARINHO DE ALMEIDA', '043.055.895-32', '', 0, b'1'),
('JARBAS NOVAIS RIBEIRO', '021.067.731-70', '', 0, b'1'),
('JARBEL DECIL ROCHA', '602.062.681-49', '', 0, b'1'),
('JAZON RODRIGUES DE ARAUJO', '517.011.971-20', '', 0, b'1'),
('JEAN DOMINGOS OLIVEIRA', '650.108.335-49', '', 0, b'1'),
('JEDSON NUNES BARROSO SOUZA', '731.214.601-53', '', 0, b'1'),
('JEFFERSON DE OLIVEIRA MENDANHA', '005.309.341-08', '', 0, b'1'),
('JEOVANE ALMEIDA DA SILVA', '979.675.301-44', '', 0, b'1'),
('JERFFESON MACHADO BRANDAO', '010.404.665-16', '', 0, b'1'),
('JERONIMO AUZENTE SILVA JUNIOR', '712.632.841-91', '', 0, b'1'),
('JERRY ADRIANO DA MATA', '553.404.233-87', '', 0, b'1'),
('JESUS FERREIRA DE SANTANA', '149.908.491-91', '', 0, b'1'),
('JHONATAN TAVARES DO CARMO MOURA', '036.532.481-75', '', 0, b'1'),
('JOAO ALVES SALES SOBRINHO', '504.408.101-91', '', 0, b'1'),
('JOAO BATISTA BARBOSA SILVA', '266.232.695-68', '', 0, b'1'),
('JOAO BATISTA GOMES FERREIRA', '585.887.012-00', '', 0, b'1'),
('JOAO BATISTA OLIVEIRA SILVA', '502.953.811-91', '', 0, b'1'),
('JOAO BATISTA RODRIGUES', '365.464.296-91', '', 0, b'1'),
('JOAO GOMES BEZERRA', '386.015.321-87', '', 0, b'1'),
('JOAO MARIA DOS ANJOS GOMES', '916.325.954-00', '', 0, b'1'),
('JOAO TELES DA SILVA JUNIOR', '482.748.015-04', '', 0, b'1'),
('JOCIVANE BARBOSA DE OLIVEIRA', '027.493.321-76', '', 0, b'1'),
('JOELSON FIRMO DE OLIVEIRA', '659.408.731-20', '', 0, b'1'),
('JOHON WESLEY ALVES QUEIROZ', '819.172.951-20', '', 0, b'1'),
('JOILSON SOUZA DO NASCIMENTO', '592.255.055-15', '', 0, b'1'),
('JOILTON RIBEIRO', '714.785.151-04', '', 0, b'1'),
('JONAS BATISTA DE OLIVEIRA', '186.424.381-34', '', 0, b'1'),
('JONAS DIAS DE ARAUJO', '279.298.921-15', '', 0, b'1'),
('JONATHAN DE ASSUNÇAO GONCALVES', '021.961.621-32', '', 0, b'1'),
('JONES CLEI DE LIMA', '395.353.632-04', '', 0, b'1'),
('JORGE CAVALCANTE PEREIRA', '958.095.541-72', '', 0, b'1'),
('JORGE FERREIRA DA SILVA', '657.623.804-59', '', 0, b'1'),
('JORGE LIMA DE BRITO', '953.098.965-20', '', 0, b'1'),
('JORGE LUIS RODRIGUES DA SILVA', '019.123.731-06', '', 0, b'1'),
('JORGE LUIZ SANAIOTTI', '114.512.308-26', '', 0, b'1'),
('JORGE OLIVEIRA DA SILVA', '689.351.611-87', '', 0, b'1'),
('JOSE ARIOSMAR DA COSTA', '414.321.934-49', '', 0, b'1'),
('JOSE ALVAMAR DA SILVA PERREIRA', '043.608.994-75', '', 0, b'1'),
('JOSÉ ALVES DA SILVA', '235.293.265-34', '', 0, b'1'),
('JOSE ANTONIO ALVES DOS SANTOS', '030.311.966-78', '', 0, b'1'),
('JOSÉ ANTONIO BATISTA', '318.057.874-20', '', 0, b'1'),
('JOSE APARECIDO MARTINS CIRQUEIRA', '329.950.911-04', '', 0, b'1'),
('JOSE ARIVALDO BARBOSA FERREIRA', '510.885.255-04', '', 0, b'1'),
('JOSE ARNALDO ANTONIO DE SOUZA', '169.062.668-29', '', 0, b'1'),
('JOSE BRAZ FILHO', '351.962.386-20', '', 0, b'1'),
('JOSE CARLOS DA SILVA', '133.096.108-02', '', 0, b'1'),
('JOSE CARLOS GOMES DADA', '399.658.991-34', '', 0, b'1'),
('JOSE CARLOS MENDES MAGALHAES', '960.768.956-91', '', 0, b'1'),
('JOSE CARLOS MENEZES LINO', '969.072.315-49', '', 0, b'1'),
('JOSE CARLOS ROCHA SOUZA FILHO', '504.844.945-20', '', 0, b'1'),
('JOSE CARLOS SILVA SUZARTE', '329.313.605-20', '', 0, b'1'),
('JOSE DA CRUZ CORDEIRO', '864.636.911-00', '', 0, b'1'),
('JOSE DA GUIA PEREIRA NASCIMENTO', '004.285.991-33', '', 0, b'1'),
('JOSE DE ANCHIETA ARAUJO', '239.364.441-53', '', 0, b'1'),
('JOSE DE ARIMATEIA DA CONCEICAO SOUSA', '487.757.113-20', '', 0, b'1'),
('JOSE DIVINO GUIMARAES DA SILVA', '577.092.031-91', '', 0, b'1'),
('JOSE DOS REIS DA SILVA FILHO', '451.346.183-72', '', 0, b'1'),
('JOSE DOS SANTOS SILVA', '584.174.351-15', '', 0, b'1'),
('JOSÉ ERINALDO JARDIM VARGAS', '709.501.721-20', '', 0, b'1'),
('JOSE ESMAEL GOMES', '689.402.383-20', '', 0, b'1'),
('JOSE EVANGELISTA NETO', '056.226.246-65', '', 0, b'1'),
('JOSE FRANCINETE SILVA', '161.092.281-68', '', 0, b'1'),
('JOSE FRANCISCO CARVALHO DE ARAUJO', '059.957.253-19', '', 0, b'1'),
('JOSÉ GOMES DA COSTA', '063.111.131-04', '', 0, b'1'),
('JOSE JACKSON FERREIRA RODRIGUES', '670.207.633-91', '', 0, b'1'),
('JOSE LUCAS DO NASCIMENTO PIMENTEL', '043.153.981-28', '', 0, b'1'),
('JOSE LUIS SILVA SCHIMITE', '024.513.331-38', '', 0, b'1'),
('JOSE LUIZ GOMES DA SILVA', '281.398.952-53', '', 0, b'1'),
('JOSÉ MACARIO DOS SANTOS NETO', '483.870.451-87', '', 0, b'1'),
('JOSE MAGAL ARAUJO FERREIRA', '848.039.831-00', '', 0, b'1'),
('JOSE MARIA CARVALHO', '700.422.503-82', '', 0, b'1'),
('JOSE MARIA DO NASCIMENTO', '066.146.713-91', '', 0, b'1'),
('JOSE NARCISO DOS SANTOS FILHO', '509.417.045-72', '', 0, b'1'),
('JOSE NAZARIO DOS SANTOS FILHO', '504.848.851-20', '', 0, b'1'),
('JOSE NILTON DA SILVA', '449.305.181-72', '', 0, b'1'),
('JOSE NOVELLI DE OLIVEIRA', '423.977.821-20', '', 0, b'1'),
('JOSE OLIVEIRA CERQUEIRA JUNIOR', '676.470.905-00', '', 0, b'1'),
('JOSE REINALDO DE MIRANDA', '253.240.121-49', '', 0, b'1'),
('JOSE RENILSON COSTA REIS', '153.453.605-10', '', 0, b'1'),
('JOSE RIBAMAR SOUSA CUTRIM', '704.524.663-34', '', 0, b'1'),
('JOSE RICARDO ARAUJO VIEIRA', '015.516.601-80', '', 0, b'1'),
('JOSE RICARDO LOPES', '534.806.431-91', '', 0, b'1'),
('JOSE ROBERTO DE OLIVEIRA BARROS', '667.711.023-00', '', 0, b'1'),
('JOSE ROBERTO MANOEL DA COSTA', '419.526.851-68', '', 0, b'1'),
('JOSE RODRIGUES DE SOUSA', '252.611.183-87', '', 0, b'1'),
('JOSE RODRIGUES FILHO', '021.695.301-42', '', 0, b'1'),
('JOSE SIRLEY APARECIDO DOS SANTOS', '930.533.476-87', '', 0, b'1'),
('JOSE VANZELER GONCALVES DA COSTA', '474.028.905-97', '', 0, b'1'),
('JOSE VERLENE PEREIRA DA SILVA', '212.381.621-34', '', 0, b'1'),
('JOSE VIEIRA', '433.093.643-72', '', 0, b'1'),
('JOSE WDRUWILLAME GALDINO PEREIRA', '610.769.455-20', '', 0, b'1'),
('JOSE WILSON LOPES DE MORAIS', '577.584.505-63', '', 0, b'1'),
('JOSELITO DE ALMEIDA RAMOS', '806.737.833-91', '', 0, b'1'),
('JOFALTAIRO TEIXEIRA DE ARAUJO', '603.372.491-72', '', 0, b'1'),
('JOSIAS RODRIGUES BARBOSA', '281.823.081-00', '', 0, b'1'),
('JOSIMAR CLAUDINO SILVA', '011.298.881-42', '', 0, b'1'),
('JOSIMAR DE MOURA COIMBRA', '649.498.261-15', '', 0, b'1'),
('JOSINALDO BASILIO DE BRITO', '721.550.194-91', '', 0, b'1'),
('JOSINALDO OLIVEIRA DA SILVA', '573.752.751-49', '', 0, b'1'),
('JOSINALDO RODRIGUES DE SOUZA', '646.526.611-34', '', 0, b'1'),
('JOSTAMAR DE JESUS', '364.587.911-00', '', 0, b'1'),
('JOSUE LIMA NUNES', '411.156.275-20', '', 0, b'1'),
('JOSUEL DOS SANTOS', '034.116.684-74', '', 0, b'1'),
('JOVENIL DE JESUS SILVA', '007.580.415-86', '', 0, b'1'),
('JUAREZ DA COSTA PINHEIRO', '687.776.476-53', '', 0, b'1'),
('JUAREZ PEREIRA ARAUJO', '231.535.801-97', '', 0, b'1'),
('JUCELINO MARTINS DA COSTA', '316.749.411-53', '', 0, b'1'),
('JULIANO FERREIRA ALVES', '904.138.061-20', '', 0, b'1'),
('JULIANO SILVA CARVALHO', '590.031.381-68', '', 0, b'1'),
('JULIO CESAR DE ABREU', '031.279.971-32', '', 0, b'1'),
('JULIO DE SOUSA CALDAS', '796.825.451-53', '', 0, b'1'),
('JUNIOR PEREIRA CAIXETA', '661.097.361-04', '', 0, b'1'),
('JURANDIR ALVES DE OLIVEIRA', '279.110.121-72', '', 0, b'1'),
('JURANDIR BUENO SOUZA', '786.921.051-04', '', 0, b'1'),
('KAIO CESAR CARDOSO DA SILVA', '021.343.481-43', '', 0, b'1'),
('KAIO HENRIQUE BORGES DA SILVA', '014.050.871-61', '', 0, b'1'),
('KELEN APARECIDA TIECHER MARTINS', '792.730.331-72', '', 0, b'1'),
('KENNEDY GODOY LOBO', '643.615.191-53', '', 0, b'1'),
('KLEBER ARAUJO AZEVEDO', '620.493.641-72', '', 0, b'1'),
('KLEBER CESÁRIO MARQUES', '968.949.201-25', '', 0, b'1'),
('KLEITON FRANCISCO DA SILVA', '113.630.116-00', '', 0, b'1'),
('KLEYTON CALIXTO MENDONCA', '002.133.761-64', '', 0, b'1'),
('LAMARIO SANDES DE CARVALHO', '651.521.745-53', '', 0, b'1'),
('LEANDRO MOTA MARTINS', '012.061.005-16', '', 0, b'1'),
('LEONARDO BOAVENTURA DA SILVA', '003.613.495-30', '', 0, b'1'),
('LEONARDO LUZ LOPES', '778.840.275-34', '', 0, b'1'),
('LEONARDO SANTOS SOARES', '027.700.025-46', '', 0, b'1'),
('LEONEL FILIPE RODRIGUES DE MORAIS', '019.359.451-06', '', 0, b'1'),
('LEOVERGILDO GARCIA DOS SANTOS NETO', '907.470.461-15', '', 0, b'1'),
('LEVI RAIMUNDO LIMA QUEIROZ', '518.621.665-87', '', 0, b'1'),
('LIBERANILSON MARTINS DACOSTA', '937.304.384-68', '', 0, b'1'),
('LINDOMAR PEIXOTO DOS SANTOS', '281.908.821-04', '', 0, b'1'),
('LINDOMAR CANDIDO SOCORRO', '414.640.951-91', '', 0, b'1'),
('LINDOMAR PEREIRA DA SILVA', '658.184.401-25', '', 0, b'1'),
('LIOMAR DE ALMEIDA SUEIRA', '537.369.585-87', '', 0, b'1'),
('LORIVAL SARAFIN RODRIGUES', '369.220.131-15', '', 0, b'1'),
('LOURIEDSON DA SILVA PEREIRA', '562.865.625-91', '', 0, b'1'),
('LOURIVAL MARTINS DE ARAUJO', '479.475.001-34', '', 0, b'1'),
('LUANA ROBERTA MAIA MARANHAO NASCIMENTO', '048.940.641-62', '', 0, b'1'),
('LUCAS ARAUJO DE MORAES ALMEIDA', '037.900.911-03', '', 0, b'1'),
('LUCAS DE SOUZA NASCIMENTO', '044.302.245-36', '', 0, b'1'),
('LUCAS MICHAT VITAL DA SILVA', '015.425.041-47', '', 0, b'1'),
('LUCIANO DA SILVA ALMEIDA', '687.159.785-91', '', 0, b'1'),
('LUCIANO DOS SANTOS COSTA', '524.614.161-68', '', 0, b'1'),
('LUCIANO ERICK BARBOSA CORDEIRO', '845.620.481-15', '', 0, b'1'),
('LUCIANO FERREIRA DA SILVA', '691.845.421-87', '', 0, b'1'),
('LUCIANO RODRIGUES NASCENTE', '809.890.981-68', '', 0, b'1'),
('LUIS ALBERTO SANTOS REIS', '631.366.605-44', '', 0, b'1'),
('LUIS AMORIM CONCEICAO FILHO', '500.111.385-72', '', 0, b'1'),
('LUIS CARLOS DOS SANTOS', '286.447.275-91', '', 0, b'1'),
('LUIS FERNANDO DA SILVA BELTRÃO', '813.420.121-00', '', 0, b'1'),
('LUIZ ANTONIO DE OLIVEIRA', '706.644.556-20', '', 0, b'1'),
('LUIZ ANTONIO SILVA OLIVEIRA', '606.732.905-06', '', 0, b'1'),
('LUIZ ANTONIO SIRIANO CANCIO', '360.350.761-49', '', 0, b'1'),
('LUIZ CARLOS ALVES GONCALVES', '924.538.136-68', '', 0, b'1'),
('LUIZ CARLOS BATISTA DE SOUZA', '339.941.021-20', '', 0, b'1'),
('LUIZ CARLOS DE OLIVEIRA', '726.984.461-53', '', 0, b'1'),
('LUIZ CLAUDIO SANTOS SANTANA', '538.732.545-49', '', 0, b'1'),
('LUIZ DAVID MELO DE CARVALHO', '349.689.545-49', '', 0, b'1'),
('LUIZ FERNANDES DE SOUSA', '215.013.941-34', '', 0, b'1'),
('LUIZ FILIPE DE MELO CRUZ', '053.487.531-90', '', 0, b'1'),
('LUIZ MARCOS DA SILVA BELTRAO', '812.420.341-53', '', 0, b'1'),
('LUIZ TADEU SOUSA SILVA', '641.637.685-72', '', 0, b'1'),
('LUIZERDES SOUZA GOMES', '535.970.795-04', '', 0, b'1'),
('MACINALDO PEREIRA', '912.579.641-00', '', 0, b'1'),
('MAGNOVANDO PAPA COSTA', '549.864.275-04', '', 0, b'1'),
('MAICON PEREIRA DA SILVA', '373.017.721-49', '', 0, b'1'),
('MAICON SANTOS BRAZ', '874.635.121-34', '', 0, b'1'),
('MANOEL ALMEIDA PINHO', '334.595.091-04', '', 0, b'1'),
('MANOEL ALVES DA SILVA', '324.854.251-91', '', 0, b'1'),
('MANOEL ANTONIO BARROS DA SILVA', '333.170.201-30', '', 0, b'1'),
('MANOEL BATISTA DA SILVA', '383.170.601-87', '', 0, b'1'),
('MANOEL DIAS DE CARVALHO', '069.407.815-87', '', 0, b'1'),
('MANOEL DOS SANTOS ALMEIDA', '442.025.395-91', '', 0, b'1'),
('MANOEL MESSIAS CARNEIRO SOUZA', '024.574.555-61', '', 0, b'1'),
('MARCELO CEZARINHO OLIVEIRA', '009.590.865-01', '', 0, b'1'),
('MARCELO DA SILVA FERNANDES', '011.671.091-80', '', 0, b'1'),
('MARCELO FERREIRA ALMADA', '003.525.341-09', '', 0, b'1'),
('MARCELO PEREIRA DOS ANJOS', '870.193.371-04', '', 0, b'1'),
('MARCELO QUINTILIANO DE OLIVEIRA', '998.640.611-00', '', 0, b'1'),
('MARCELO RODRIGUES DOS SANTOS', '804.931.141-49', '', 0, b'1'),
('MARCILIO VIEIRA DOS SANTOS NETO', '881.838.901-72', '', 0, b'1'),
('MARCIO COSTA RAMOS', '316.855.308-50', '', 0, b'1'),
('MARCIO CRISTIANO CASTRO SOUZA', '944.524.315-34', '', 0, b'1'),
('MARCIO DE AMORIM ARRUDA', '003.830.035-47', '', 0, b'1'),
('MARCIO DOS SANTOS MENDONCA DA ROCHA', '268.159.578-96', '', 0, b'1'),
('MARCIO HELTON DA PAZ RODRIGUES', '629.031.523-49', '', 0, b'1'),
('MARCIO JOSE DA CRUZ', '834.557.791-15', '', 0, b'1'),
('MARCIO MANUEL GONCALVES', '917.641.811-15', '', 0, b'1'),
('MARCIO MELQUIADES NOBRE', '002.976.131-03', '', 0, b'1'),
('MARCIO NEVES DE FARIA', '517.536.931-87', '', 0, b'1'),
('MARCIO VIEIRA FELIPE', '015.245.173-05', '', 0, b'1'),
('MARCO ANTONIO ALVES CARDOSO', '523.409.451-00', '', 0, b'1'),
('MARCO ANTONIO FERREIRA COSTA', '481.664.726-00', '', 0, b'1'),
('MARCONI PALMEIRA LIMA', '519.281.755-20', '', 0, b'1'),
('MARCOS ALVES DE LIMA', '504.577.994-04', '', 0, b'1'),
('MARCOS ANTONIO DA CRUZ CARVALHO', '826.582.183-20', '', 0, b'1'),
('MARCOS ANTONIO DA SILVA', '499.851.671-04', '', 0, b'1'),
('MARCOS ANTONIO ROCHA DUARTE', '835.568.933-04', '', 0, b'1'),
('MARCOS AURELIO IRINEU DA SILVA', '799.141.011-00', '', 0, b'1'),
('MARCOS BEZERRA DE LIMA', '783.893.484-20', '', 0, b'1'),
('MARCOS CARVALHO FERREIRA', '804.907.005-00', '', 0, b'1'),
('MARCOS COSTA DOS SANTOS', '021.371.105-20', '', 0, b'1'),
('MARCOS DA SILVA VELOSO', '723.333.751-91', '', 0, b'1'),
('MARCOS EVANGELISTA DE SOUSA', '013.354.036-71', '', 0, b'1'),
('MARCOS FERREIRA COSTA', '017.933.361-56', '', 0, b'1'),
('MARCOS FERREIRA DE LIMA', '763.168.661-00', '', 0, b'1'),
('MARCOS JORGE SILVA', '015.554.371-76', '', 0, b'1'),
('MARCOS JOSE DE OLIVEIRA', '599.795.691-15', '', 0, b'1'),
('MARCOS LUIZ AMORIM DE FRANCA', '064.602.366-74', '', 0, b'1'),
('MARCOS PAULO DA SILVA ALMEIDA', '778.479.625-00', '', 0, b'1'),
('MARCOS ROBERTO RODRIGUES DE ANDRADE', '019.508.041-60', '', 0, b'1'),
('MARCOS SANTOS ROCHA', '767.435.435-00', '', 0, b'1'),
('MARCOS SUEL VICENTE DE SOUZA', '020.747.941-00', '', 0, b'1'),
('MARCOS TULIO DE OLIVEIRA', '566.193.593-53', '', 0, b'1'),
('MARCOS VINICIOS DE SOUZA', '010.433.261-11', '', 0, b'1'),
('MARCOS VINICIUS DA CRUZ ARAUJO', '013.567.324-02', '', 0, b'1'),
('MARCOS VITAL DOS SANTOS', '333.666.591-49', '', 0, b'1'),
('MARDEM NEPOMUCENO DE SOUZA', '350.962.413-00', '', 0, b'1'),
('MARDEM WILLIAN DE SOUSA FIALHO', '564.986.401-20', '', 0, b'1'),
('MARIA APARECIDA TEODORO PEREIRA', '002.990.701-23', '', 0, b'1'),
('MARIO LUIS PARREIRA', '113.119.148-03', '', 0, b'1'),
('MARIOZAN DE OLIVEIRA MELO', '618.187.391-00', '', 0, b'1'),
('MARQUENES VICENTE DA SILVA', '970.016.861-15', '', 0, b'1'),
('MAURICIO DE SOUZA SANTOS', '234.876.151-34', '', 0, b'1'),
('MAURICIO GILBERTO DE JESUS JUNIOR', '878.392.451-53', '', 0, b'1'),
('MAURICIO GOMES GUIMARAES', '533.333.491-91', '', 0, b'1'),
('MAURICIO JOSE SOARES BARBOSA', '462.176.811-53', '', 0, b'1'),
('MAURILIO MARTINS FERREIRA', '287.754.651-91', '', 0, b'1'),
('MAURO BERNARD', '116.503.461-15', '', 0, b'1'),
('MAURO ROBERTO FIGUEIREDO JUNIOR', '986.302.961-00', '', 0, b'1'),
('MAXIMO ALVES DA ROCHA', '687.230.595-91', '', 0, b'1'),
('MAXIMO ANTONIO GOMES DA SILVA', '341.600.603-82', '', 0, b'1'),
('MICHAEL LEITE ALVES', '522.853.082-72', '', 0, b'1'),
('MICHELL ETERNO FERREIRA DE BRITO', '873.922.081-87', '', 0, b'1'),
('MIGUEL ALVES DA LUZ', '560.788.031-15', '', 0, b'1'),
('MIGUEL DOS SANTOS', '150.257.485-34', '', 0, b'1'),
('MILTON AFONSO DE ARAUJO', '787.836.311-00', '', 0, b'1'),
('MILTON DE FRANCA COSTA', '330.476.005-97', '', 0, b'1'),
('MILTON MARTINS DE SOUZA', '802.894.791-34', '', 0, b'1'),
('MOACIR SEABRA DE LIMA', '239.339.501-63', '', 0, b'1'),
('MOISES CALDAS SANTOS', '808.201.155-68', '', 0, b'1'),
('MOISES DA SILVA ROCHA', '362.179.642-87', '', 0, b'1'),
('MOISES TEOBALDO DE PAULA LIMA', '592.051.992-49', '', 0, b'1'),
('MURILO COSTA SILVA', '003.132.941-19', '', 0, b'1'),
('MURILO MATOS VIEIRA', '987.172.515-91', '', 0, b'1'),
('NARCISO GOMES BARBOSA', '935.582.951-53', '', 0, b'1'),
('NARCISO GOMES DA SILVA', '240.803.063-34', '', 0, b'1'),
('NATANAEL LOPES DA SILVA', '050.062.188-86', '', 0, b'1'),
('NEILTON JESUS DA SILVA', '009.627.545-60', '', 0, b'1'),
('NEILTON MENDES TELLES', '813.490.411-49', '', 0, b'1'),
('NELCI BORGES CAETANO', '262.032.001-15', '', 0, b'1'),
('NELIS OLIVIER', '214.283.281-49', '', 0, b'1'),
('NELITON ALVES MARTINS', '484.073.561-15', '', 0, b'1'),
('NELSON PEREIRA DE OLIVEIRA', '572.971.501-34', '', 0, b'1'),
('NELSONNEY GUIMARAES CRUZ', '687.066.773-04', '', 0, b'1'),
('NICASSIO OLIVEIRA ARAUJO', '880.483.305-04', '', 0, b'1'),
('NILCILEI PINHEIRO DE SOUZA', '891.367.991-49', '', 0, b'1'),
('NILMAR RAMOS DE ARAUJO', '872.881.336-72', '', 0, b'1'),
('NILSON PEREIRA FERNANDES', '865.400.921-72', '', 0, b'1'),
('NILTON CESAR DOS SANTOS', '575.710.905-04', '', 0, b'1'),
('NILVALDO DIAS MOREIRA', '529.684.991-49', '', 0, b'1'),
('NIVALDO ALVES DOS SANTOS JUNIOR', '698.917.961-91', '', 0, b'1'),
('ODILIO RODRIGUES CALDEIRAS NETO', '471.224.125-04', '', 0, b'1'),
('ORLANDO MONTEIRO DA SILVA', '518.327.475-49', '', 0, b'1'),
('ORLANDO POLONI JUNIOR', '038.415.721-11', '', 0, b'1'),
('Osmar Diniz Vieira', '165.472.091-72', '', 0, b'1'),
('OSMAR PEREIRA', '324.161.131-00', '', 0, b'1'),
('OSMAR TEODORO DE MOURA', '535.990.209-49', '', 0, b'1'),
('OSVALDO NARCISO DE BARROS', '584.089.401-04', '', 0, b'1'),
('OSVALDO SILVA OLIVEIRA FILHO', '005.180.345-34', '', 0, b'1'),
('OTON GOMES DE BRITO', '814.648.781-53', '', 0, b'1'),
('OZIEL TOMAZ DE AQUINO', '269.310.838-13', '', 0, b'1'),
('PAULO CESAR BRAZ', '412.235.511-72', '', 0, b'1'),
('PAULO CEZAR LANGMER DA SILVA', '579.845.731-15', '', 0, b'1'),
('PAULO DONIZETE DA SILVA', '443.652.846-49', '', 0, b'1'),
('PAULO FERREIRA DOS SANTOS', '287.195.731-20', '', 0, b'1'),
('PAULO HEITOR NERI DE MOURA', '709.862.151-04', '', 0, b'1'),
('PAULO HENRIQUE BATISTA ALVES', '039.776.111-27', '', 0, b'1'),
('PAULO HENRIQUE DE OLIVEIRA E SILVA', '007.043.661-42', '', 0, b'1'),
('PAULO HENRIQUE DIAS DA SILVA', '818.731.231-91', '', 0, b'1'),
('PAULO HENRIQUE SOUZA LIMA', '428.298.521-68', '', 0, b'1'),
('PAULO JORGE VIEIRA SOBRINHO', '504.222.601-00', '', 0, b'1'),
('PAULO MARCELO GOMES DA SILVA', '704.313.964-34', '', 0, b'1'),
('PAULO MENDES DUTRA', '382.982.605-20', '', 0, b'1'),
('PAULO REINALDO GONCALVES DA ROSA', '318.914.622-53', '', 0, b'1'),
('PAULO ROBERTO ALVES DE CAMPOS', '916.085.385-91', '', 0, b'1'),
('PAULO ROBERTO DIAS', '040.039.556-84', '', 0, b'1'),
('PAULO SERGIO DA SILVA SANTOS', '905.848.135-20', '', 0, b'1'),
('PAULO SERGIO DE LIMA SILVA', '818.687.903-04', '', 0, b'1'),
('PAULO SÉRGIO DE SANTANA RIBEIRO', '437.830.075-34', '', 0, b'1'),
('PEDRO DA SILVA NASCIMENTO', '493.350.901-82', '', 0, b'1'),
('PEDRO ELIAS DE LIRA', '125.759.248-39', '', 0, b'1'),
('PEDRO ERNESTINO DA SILVA', '815.735.701-25', '', 0, b'1'),
('PEDRO JOSE DOS SANTOS NETO', '332.165.505-59', '', 0, b'1'),
('PEDRO PAULO CABRAL MIRANDA', '480.595.792-15', '', 0, b'1'),
('PEDRO PEREIRA DIAS', '176.573.935-72', '', 0, b'1'),
('PEDRO RODRIGUES CHAVES', '167.605.221-68', '', 0, b'1'),
('PEDRO TEODORO DA SILVA', '263.547.481-87', '', 0, b'1'),
('PÍERRE SILVA DE OLIVEIRA', '271.320.561-15', '', 0, b'1'),
('RAFAEL DOS SANTOS BARBOSA', '026.525.331-42', '', 0, b'1'),
('RAFAEL LEANDRO DA CONCEICAO', '718.327.261-34', '', 0, b'1'),
('RAI SILVA RODRIGUES', '115.633.126-97', '', 0, b'1'),
('RAIMUNDO ALVES DE ABREU NETO', '573.334.911-53', '', 0, b'1'),
('RAIMUNDO BATISTA ROCHA', '420.206.702-91', '', 0, b'1'),
('RAIMUNDO CANDIDO DA SILVA', '966.548.054-53', '', 0, b'1'),
('RAIMUNDO DE OLIVEIRA CARVALHO', '520.811.093-87', '', 0, b'1'),
('RAIMUNDO MODESTO SANTANA', '897.797.201-97', '', 0, b'1'),
('RAIMUNDO NONATO DE LIMA', '108.000.853-53', '', 0, b'1'),
('RAIMUNDO NONATO DE SOUZA MACEDO', '129.023.778-60', '', 0, b'1'),
('RAIMUNDO NONATO PEREIRA DE OLIVEIRA', '575.417.791-72', '', 0, b'1'),
('RAULENO ARAUJO DA PURIFICAÇÃO', '781.376.161-87', '', 0, b'1'),
('REGENILSON MACHADO DOS SANTOS', '944.036.275-87', '', 0, b'1'),
('REGILSON PEREIRA MOTA', '345.015.333-15', '', 0, b'1'),
('REGINALDO BARBOSA E SILVA', '868.541.271-49', '', 0, b'1'),
('REGINALDO CONCEICAO DOS SANTOS', '825.080.111-34', '', 0, b'1'),
('REGINALDO DO NASCIMENTO FEITOSA', '396.475.953-87', '', 0, b'1'),
('REIGUE CAMPELO FALCÃO', '617.229.793-72', '', 0, b'1'),
('REINALDO PIRES GOMES', '560.396.541-04', '', 0, b'1'),
('REINILSON MEDEIROS GUALBERTO', '718.541.851-87', '', 0, b'1'),
('RENAN ARAUJO SANTANA', '041.370.075-51', '', 0, b'1'),
('RENATO CASSIMIRO DA SILVA', '967.862.991-72', '', 0, b'1'),
('RENATO JUNIO DE LIMA DA SILVA', '016.265.801-03', '', 0, b'1'),
('RENATO MARTINS ROSA', '896.895.261-20', '', 0, b'1'),
('RENATO SANTOS SOUZA', '578.813.321-15', '', 0, b'1'),
('RENYVALDO GOMES DA SILVA', '585.018.861-49', '', 0, b'1'),
('RIBAMAR CANDIDO DE REZENDE', '360.081.411-72', '', 0, b'1'),
('RICARDO ALEXANDRE LIMA DA SILVA', '928.600.015-49', '', 0, b'1'),
('RICARDO MEIRELIS DO CARMO', '862.225.541-72', '', 0, b'1'),
('RICARDO OLIVEIRA DE ARAUJO', '037.780.851-23', '', 0, b'1'),
('RICHARD VIEIRA MENDES', '584.945.611-20', '', 0, b'1'),
('RILDOMAR PEREIRA LIMA', '451.527.561-53', '', 0, b'1'),
('ROBERTO CARLOS LIMA DE MATOS', '360.980.435-15', '', 0, b'1'),
('ROBERTO FREITAS DOS SANTOS', '705.047.175-53', '', 0, b'1'),
('ROBERTO NASCIMENTO DE CAMARGO FILHO', '039.171.529-16', '', 0, b'1'),
('ROBERTO SILVA DE OLIVEIRA', '715.072.301-25', '', 0, b'1'),
('ROBSON DO ESPIRITO SANTO SOUZA', '008.611.195-76', '', 0, b'1'),
('ROBSON DOS SANTOS PONTES', '296.897.161-15', '', 0, b'1'),
('ROBSON DUARTE LONDE', '491.450.531-20', '', 0, b'1'),
('ROBSON PEREIRA DOS SANTOS', '940.215.701-87', '', 0, b'1'),
('ROBSON ROGERIO EGLITO', '055.334.947-31', '', 0, b'1'),
('RODOLFO SOARES COTRIM', '833.490.491-68', '', 0, b'1'),
('RODRIGO BORGES DE MORAIS', '895.124.806-20', '', 0, b'1'),
('RODRIGO CARDOSO DE OLIVEIRA', '008.458.691-59', '', 0, b'1'),
('RODRIGO DIAS DOS SANTOS', '009.408.395-98', '', 0, b'1'),
('RODRIGO FERREIRA BORGES', '883.488.141-91', '', 0, b'1'),
('RODRIGO FERREIRA SILVA', '815.008.586-68', '', 0, b'1'),
('RODRIGO GOMES MARTINS', '708.028.821-53', '', 0, b'1'),
('RODRIGO MOREIRA DOS SANTOS', '020.150.661-01', '', 0, b'1'),
('RODRIGO SILVA DE SOUZA', '026.269.515-44', '', 0, b'1'),
('RODRIGUINHO MAGALHAES DE ASSIS', '622.065.752-72', '', 0, b'1'),
('ROGERES FERREIRA DA SILVA', '470.375.636-68', '', 0, b'1'),
('ROGERIO APARECIDO DEMETRIO', '603.067.341-68', '', 0, b'1'),
('ROGERIO ARAUJO LIMA', '725.813.441-72', '', 0, b'1'),
('ROGERIO DA SILVA SANTOS', '741.811.142-87', '', 0, b'1'),
('ROGERIO DE SAO PEDRO CRUZ', '961.922.165-68', '', 0, b'1'),
('ROGERIO DIAS MARTINS', '040.192.946-90', '', 0, b'1'),
('ROGERIO MOITA NUNES', '635.574.101-10', '', 0, b'1'),
('ROGERIO PAIVA LIMA', '914.949.071-00', '', 0, b'1'),
('ROGERIO ROSA DAS CHAGAS', '826.606.461-04', '', 0, b'1'),
('ROGERIO SANTANA SANTOS', '883.460.725-20', '', 0, b'1'),
('RONALDO COSTA DE MIRANDA', '632.924.405-72', '', 0, b'1'),
('RONALDO MORAIS FARIAS', '985.287.851-49', '', 0, b'1'),
('RONALDO PIRES PEDREIRA', '502.712.615-87', '', 0, b'1'),
('RONALDO RODRIGUES RIBEIRO', '019.373.741-81', '', 0, b'1'),
('RONDINEI PEREIRA DA GUIRRA', '852.588.061-20', '', 0, b'1'),
('RONDINELE COELHO DA COSTA', '705.830.301-06', '', 0, b'1'),
('RONEY LUIS MESQUITA DA SILVA', '688.291.081-20', '', 0, b'1'),
('RONILSON PINTO ALVES', '620.765.401-30', '', 0, b'1'),
('RONIVALDO DE PINHO VIEIRA', '389.363.848-21', '', 0, b'1'),
('ROQUE SILVA DE LIMA', '984.034.275-49', '', 0, b'1'),
('RUBENS DE MORAIS', '128.202.338-13', '', 0, b'1'),
('RUBENS FRANCISCO CARNEIRO', '457.280.971-20', '', 0, b'1'),
('RUBERVAL DE OLIVEIRA AMORIM', '220.316.168-03', '', 0, b'1'),
('RUI OLIVEIRA DA SILVA', '430.347.214-04', '', 0, b'1'),
('SAMUEL BRAGA DOS SANTOS', '579.826.781-49', '', 0, b'1'),
('SAMUEL RODRIGUES DOS ANJOS', '007.254.851-75', '', 0, b'1'),
('SANDERSON PEREIRA DA SILVA', '779.360.511-04', '', 0, b'1'),
('SANDRO DIVINO DA SILVA', '432.055.421-34', '', 0, b'1'),
('SANDRO PEREIRA DE AZEVEDO', '737.611.174-34', '', 0, b'1'),
('SAULO RODRIGUES DE SOUSA ALEMITES', '713.194.681-87', '', 0, b'1'),
('SEBASTIAO CEZAR DA SILVA', '776.692.745-49', '', 0, b'1'),
('SEBASTIAO COSTA RODRIGUES', '061.775.876-07', '', 0, b'1'),
('SEBASTIAO FRANCISCO DE ABREU', '386.903.731-87', '', 0, b'1'),
('SEBASTIAO LUCIO MESQUITA', '467.366.891-04', '', 0, b'1'),
('SEBASTIAO TEIXEIRA DAS DORES FILHO', '498.937.851-20', '', 0, b'1'),
('SERGIO GOMES PEREIRA', '779.183.553-34', '', 0, b'1'),
('SEVERINO AUGUSTO DE OLIVEIRA LEMOS', '036.398.691-09', '', 0, b'1'),
('SEVERINO JOSE BATISTA JUNIOR', '727.645.111-91', '', 0, b'1'),
('SEVERINO PEREIRA DE SOUZA', '269.382.861-91', '', 0, b'1'),
('SHELSON ROBERTO DE OLIVEIRA PIRES', '019.486.931-86', '', 0, b'1'),
('SHIRLON GOMES TORRES', '778.048.801-20', '', 0, b'1'),
('SIDNEI ANTONIO DOS SANTOS TIOZZO', '350.382.148-19', '', 0, b'1'),
('SIDNEY CORDEIRO DE MELO', '470.120.721-72', '', 0, b'1'),
('SEBASTIAO GONCALVES DE ARAUJO', '159.833.821-87', '', 0, b'1'),
('SIDNEY DA SILVA GOMES', '025.128.801-33', '', 0, b'1'),
('SIDNEY LEITE D ABADIA', '423.429.371-72', '', 0, b'1'),
('SOMAQUE ANTONIO DA SILVA OLIVEIRA', '367.571.955-34', '', 0, b'1'),
('TARCIZIO LOPES DAS NVES', '894.597.171-87', '', 0, b'1'),
('TEDSON RODRIGUES DE MORAES', '366.661.061-72', '', 0, b'1'),
('TENORIO SOUZA VIEIRA', '312.853.095-53', '', 0, b'1'),
('TERENCIO SOUSA NETO', '092.338.145-72', '', 0, b'1'),
('THARLES SILVA SENA', '035.862.285-97', '', 0, b'1'),
('THAUAN EMANUEL VIANA DE AZEVEDO', '017.681.594-59', '', 0, b'1'),
('THAYLLON LIMA DE SOUZA', '042.678.411-10', '', 0, b'1'),
('THIAGO ALVES FERRAZ', '015.749.451-90', '', 0, b'1'),
('THIAGO CORREIA RIBEIRO', '028.960.343-90', '', 0, b'1'),
('THIAGO RIBEIRO DE PAULA', '022.427.161-07', '', 0, b'1'),
('TIAGO SOUZA LOPES', '015.694.151-10', '', 0, b'1'),
('TIAGO TARGINO DA SILVA', '074.701.136-22', '', 0, b'1'),
('UBIRAJARA FRANCA', '277.073.185-87', '', 0, b'1'),
('UBIRATAN CASTRO FARIAS', '257.465.963-53', '', 0, b'1'),
('UBIRATAN ROSA', '829.057.201-82', '', 0, b'1'),
('ULISSES SOARES LEITAO', '004.963.415-10', '', 0, b'1'),
('VALDEIR GONCALO DOS SANTOS', '050.293.484-09', '', 0, b'1'),
('VALDEIR NUNES DA SILVA SANTOS', '374.143.805-72', '', 0, b'1'),
('VALDIR GABRIEL DE SOUZA', '410.595.141-68', '', 0, b'1'),
('VALDIVINO PEREIRA GUEDES', '251.717.631-00', '', 0, b'1'),
('VALDIVINO VIEIRA DE OLIVEIRA', '000.316.981-23', '', 0, b'1'),
('VALDSON LOPES DE SOUZA', '026.099.796-06', '', 0, b'1'),
('VALERIO SOUZA DA SILVA', '627.464.302-82', '', 0, b'1'),
('VALFREDO DE OLIVEIRA ALMEIDA', '259.428.911-68', '', 0, b'1'),
('VALMI BARBOSA DE MORAES', '007.530.241-10', '', 0, b'1'),
('VALMIR ALVES RABELO', '410.862.361-49', '', 0, b'1'),
('VALTAIR PEREIRA TAVARES', '871.483.661-00', '', 0, b'1'),
('VALTER JOSE DE BRITO', '659.395.571-04', '', 0, b'1'),
('VALTER JOSE SOUSA LOPES', '393.978.743-49', '', 0, b'1'),
('VALTER JOSE SOUSA LOPES FILHO', '038.381.891-59', '', 0, b'1'),
('VAMILSON BONFIM DA ROCHA', '781.087.305-97', '', 0, b'1'),
('VANDERLEI ANTUNES DE SOUZA', '699.926.739-15', '', 0, b'1'),
('VERIVAL SENA DE MIRANDA', '329.981.125-87', '', 0, b'1'),
('VICENTE DE PAULA PEREIRA', '527.617.971-91', '', 0, b'1'),
('VINICIUS PEREIRA CRUZ', '973.187.871-87', '', 0, b'1'),
('VLADIMIR ANDERSON CRUZ MONTENEGRO', '872.839.484-49', '', 0, b'1'),
('WAGNER MORAIS FERREIRA DA SILVA', '012.185.551-14', '', 0, b'1'),
('WALACCY CORREIA PACHECO', '012.193.741-05', '', 0, b'1'),
('WALBERCLECIO ALMEIDA DE AGUIAR', '754.272.143-72', '', 0, b'1'),
('WALLECY DA SILVA VALMORBIDA', '589.160.672-00', '', 0, b'1'),
('WANDER SOUZA PORFIRIO', '264.731.002-53', '', 0, b'1'),
('WANDERLEY GOMES DE ALMEIDA', '913.741.701-00', '', 0, b'1'),
('WANDERSON CESAR SILVA ARAUJO', '896.632.761-34', '', 0, b'1'),
('WANDERSON DE OLIVEIRA DA SILVA', '048.492.015-47', '', 0, b'1'),
('WANDERSON MARQUES FERNANDES', '938.425.111-91', '', 0, b'1'),
('WASHINGTON CARVALHO OLIVEIRA VIEIRA', '797.079.471-87', '', 0, b'1'),
('WEBERSON BASTOS DO NASCIMENTO', '981.610.835-68', '', 0, b'1'),
('WEBERT MARTINS', '022.729.351-76', '', 0, b'1'),
('WEBERTH RODRIGUES DE ANDRADE', '011.808.911-04', '', 0, b'1'),
('WEGLISSON CLEMENTINO DE SOUZA CUNHA', '992.728.731-34', '', 0, b'1'),
('WELINGTON DE ALMEIDA LYRA JUNIOR', '024.075.105-18', '', 0, b'1'),
('WELLINGTON DA SILVA SATURNINO', '017.567.361-62', '', 0, b'1'),
('WELLINGTON MARINHO DOS SANTOS', '009.549.401-48', '', 0, b'1'),
('WELLINGTON RODRIGUES DA SILVA', '860.599.631-53', '', 0, b'1'),
('WELLINTON DANIEL GONCALVES', '000.051.306-70', '', 0, b'1'),
('WELTON LISBOA NERES', '842.233.161-68', '', 0, b'1'),
('WEMERSON DOS SANTOS SOUZA', '868.103.911-34', '', 0, b'1'),
('WENDEL PONCIANO FERREIRA', '891.481.691-53', '', 0, b'1'),
('WENDERSON LUIS CAMARGO', '804.155.121-15', '', 0, b'1'),
('WESLEI APARECIDO SOARES SOBRINHO', '705.558.261-04', '', 0, b'1'),
('WESLEI PEREIRA DE MOURA', '001.863.421-44', '', 0, b'1'),
('WESLEY DE FREITAS CHAVES', '905.062.431-68', '', 0, b'1'),
('WILLIAN DE SOUZA BANDEIRA', '508.917.071-15', '', 0, b'1'),
('WILLIAN JOSE VIEIRA', '010.194.581-78', '', 0, b'1'),
('WILLIANS DONIZETI DOS REIS', '166.684.428-46', '', 0, b'1');
INSERT INTO `motoristas` (`NOME`, `CPF`, `DATA_M`, `LIVRE`, `ATIVO`) VALUES
('WILSON AUGUSTO DA COSTA', '386.553.731-68', '', 0, b'1'),
('WILSON GONCALVES RIBEIRO', '006.253.851-95', '', 0, b'1'),
('WILSON MOURA DA MATA', '846.286.851-34', '', 0, b'1'),
('WORNOR WOLFF ALVES FORTES', '734.455.503-44', '', 0, b'1'),
('WUDSON RODRIGUES DA COSTA', '014.453.331-63', '', 0, b'1');

--
-- Indexes for dumped tables
--

--
-- Indexes for table `acesso`
--
ALTER TABLE `acesso`
  ADD PRIMARY KEY (`id`);

--
-- AUTO_INCREMENT for dumped tables
--

--
-- AUTO_INCREMENT for table `acesso`
--
ALTER TABLE `acesso`
  MODIFY `id` int(11) NOT NULL AUTO_INCREMENT, AUTO_INCREMENT=4;
COMMIT;

/*!40101 SET CHARACTER_SET_CLIENT=@OLD_CHARACTER_SET_CLIENT */;
/*!40101 SET CHARACTER_SET_RESULTS=@OLD_CHARACTER_SET_RESULTS */;
/*!40101 SET COLLATION_CONNECTION=@OLD_COLLATION_CONNECTION */;
